student_id,age,gender,cgpa,branch,college_tier,internships_count,projects_count,certifications_count,coding_skill_score,aptitude_score,communication_skill_score,logical_reasoning_score,hackathons_participated,github_repos,linkedin_connections,mock_interview_score,attendance_percentage,backlogs,extracurricular_score,leadership_score,volunteer_experience,sleep_hours,study_hours_per_day,placement_status,salary_package_lpa
1,24,Male,7.53,IT,Tier 2,4,6,1,99.23856840567274,81.70772170173693,57.70716638980549,59.070073153454146,4,1,184,72.64700887636627,77.46386310081202,2,63.38272640588185,52.93824030314367,Yes,6.7,3.6,Not Placed,0.0
2,21,Male,7.92,CSE,Tier 2,1,3,6,80.9661232609562,63.11671526908295,59.197085289440594,78.97641868747745,0,2,539,61.69910966711394,88.88759976820943,1,73.69460493281065,60.19885598211104,No,4.4,2.3,Not Placed,0.0
3,22,Female,8.6,EEE,Tier 1,0,1,1,49.17718444918617,48.65875275661095,92.10488546781846,80.60333054234673,0,2,568,87.39691101190812,74.15326505234614,0,63.329294027130224,43.708803028755995,No,8.8,5.9,Placed,11.99
4,24,Male,6.68,CSE,Tier 1,0,2,2,79.35908372106854,66.37665337924294,83.41179780797805,64.18724631799049,1,1,550,58.401069214515914,87.63595512743032,1,47.63609921757679,56.549154362606316,Yes,8.1,4.4,Not Placed,0.0
5,20,Female,8.43,IT,Tier 3,1,4,3,65.01857285127927,61.274985265060785,88.95633072481112,56.163678498783014,1,4,833,74.48920104676299,79.12074889812209,1,0.0,67.26889310695383,No,8.7,3.4,Placed,12.16
6,22,Male,7.44,CSE,Tier 2,1,5,1,49.75886526642003,45.25259321875782,51.88172756771135,69.98459207162718,3,8,77,66.13857847454406,82.03813940825101,0,54.15081799655481,69.21002193175289,No,9.1,3.4,Placed,11.78
7,22,Male,7.54,CSE,Tier 3,0,2,2,68.8161595865109,63.78719560773928,79.96990962097021,76.54647506965514,0,2,154,56.20749595148287,72.26794515927162,1,79.32313682320728,26.17974566614521,No,8.9,3.1,Not Placed,0.0
8,24,Female,6.86,Civil,Tier 3,3,4,2,87.4719707096049,56.962395478436385,58.13878112081403,66.57945405255619,2,8,98,89.18960089185717,79.12852799786901,1,23.394035876764335,36.90369529531742,Yes,8.8,1.6,Not Placed,0.0
9,19,Male,8.52,Mechanical,Tier 2,2,5,0,100.0,93.98711456819339,75.16514363695146,87.73798583776585,0,7,269,64.03570323074455,89.88494811176926,0,68.59887750806027,42.6471446648104,No,8.5,4.2,Placed,16.33
10,20,Female,8.07,Civil,Tier 2,2,2,2,93.42197207985983,71.37937446227798,57.21519556072288,58.62898467591687,0,6,747,72.21711678780606,88.90110712161626,0,86.19917575941763,1.3718531606911384,No,5.9,4.5,Placed,16.17
11,24,Male,6.09,IT,Tier 2,2,4,4,63.0031712670343,64.50684470793115,65.00567102449027,42.94107329503429,2,1,58,55.123643028913335,77.66075422040744,0,68.46736170631941,47.419074150733266,No,7.7,4.0,Not Placed,0.0
12,20,Male,8.75,CSE,Tier 1,1,1,2,86.48353703188981,56.4866196653763,55.06328429681574,33.22410669235484,0,6,937,69.50250050490135,77.97012844469239,0,78.72710141543502,81.28737473732144,Yes,7.6,3.3,Placed,12.59
13,20,Female,7.53,Civil,Tier 2,2,4,2,62.773294759694686,56.62367605923947,76.4464506408693,66.02823663356538,0,3,979,72.5064140962827,77.7778441811741,0,67.18622769408705,38.981992640990086,No,5.8,4.9,Placed,10.75
14,22,Female,7.14,CSE,Tier 2,1,0,0,44.54372451109498,73.61377308239199,62.56007315610814,58.96200622430285,0,4,142,72.40839003946655,92.33225214898567,1,82.90370783767585,41.08883822361258,Yes,5.0,2.8,Not Placed,0.0
15,21,Male,8.07,CSE,Tier 2,2,2,3,84.63097289998983,100.0,78.3983794646235,42.87649267314812,1,3,560,84.20950784952777,92.07016978749448,0,69.0833633174422,0.9698997049000013,Yes,6.7,5.8,Placed,16.53
16,20,Male,7.97,IT,Tier 2,2,1,0,81.12758665621429,95.59240993201412,69.97919000810371,55.06420389180754,1,3,820,59.07580586442683,98.79391702284875,1,69.51532242500369,40.371436568556064,No,6.5,2.3,Placed,14.67
17,23,Male,7.97,CSE,Tier 1,0,6,1,65.55919525924226,56.14647490296249,57.069469614221255,39.69736624913361,2,7,584,70.60499623417599,65.44220599731365,0,40.397301768739155,38.85006165228266,No,6.6,5.7,Placed,12.74
18,22,Male,8.54,Mechanical,Tier 1,0,4,3,65.90885140419914,58.484450701228425,61.548794561680026,40.473526876290194,2,4,253,82.29684642667435,84.5545141043719,0,61.21524502543877,48.408011021188535,No,9.3,3.1,Not Placed,0.0
19,19,Female,7.06,CSE,Tier 1,3,2,4,84.90546307210772,68.05601654834152,88.39155650063492,79.43756849960853,1,8,756,57.20406831529213,100.0,0,57.155373972465945,74.21999887088802,No,8.4,3.4,Placed,13.26
20,21,Female,7.65,IT,Tier 2,1,2,2,45.65120234228925,75.6985513573058,72.70811691456424,82.92335850295018,1,5,477,69.01685437581422,71.1460613677991,0,91.13827911404113,49.07563964307491,Yes,10.0,2.3,Placed,12.64
21,23,Female,8.38,IT,Tier 1,0,2,3,66.83169014076742,44.94498628745283,55.56135716043812,78.95632114525871,1,3,820,79.42179930537618,81.2783660810868,0,89.41009649971257,44.880400315763126,No,9.0,3.1,Placed,11.69
22,23,Female,8.23,ECE,Tier 3,1,3,1,72.81563666657442,30.362567917865896,59.322556919830305,66.15557353470409,0,6,753,79.8564254974385,83.21187792833388,0,55.34615157459224,44.059775935661975,Yes,8.5,1.8,Not Placed,0.0
23,19,Male,8.24,CSE,Tier 2,1,2,4,71.35429417777176,25.579946359459747,81.43761287834413,62.80152094526742,0,6,768,76.44092468124283,67.50966710230895,0,57.58381264600979,40.67980391327916,No,7.4,3.0,Placed,14.49
24,21,Male,7.69,Civil,Tier 2,1,1,1,66.28681178983966,79.4113650287351,66.8561760249823,61.25309796240833,0,6,489,53.95082631061423,92.98641715272849,0,61.09132029426443,61.204422463905495,No,8.5,3.4,Placed,11.78
25,22,Male,8.14,Mechanical,Tier 2,1,1,3,65.48904648370203,58.78081148402403,66.21816100157334,73.44181196833684,2,4,815,82.71813401360326,89.32104140532618,0,56.06360304681062,62.21348966581377,Yes,5.9,4.2,Placed,12.85
26,18,Female,8.51,Civil,Tier 1,2,5,0,78.25909917565022,61.31812415261769,74.69904189528988,63.55531338899093,1,2,391,64.79418075564932,69.34703753698128,1,46.72874695099367,83.91929104341602,No,7.8,3.3,Placed,15.06
27,21,Female,7.2,IT,Tier 2,1,1,0,54.7674609859687,57.523440481522066,51.84727491208155,44.704317857461305,2,2,739,57.24552014956966,67.78441457024648,1,50.062418917762955,36.13863864310438,Yes,8.4,2.5,Placed,12.09
28,19,Male,5.78,CSE,Tier 3,1,3,3,62.16398411199541,75.04092978691692,75.81818392572879,84.7024505293002,1,4,185,63.13386940060131,100.0,0,47.25149034938394,36.35405666464304,Yes,6.1,3.2,Placed,10.7
29,23,Female,7.9,CSE,Tier 3,4,2,1,76.74157909484458,65.4590338663127,36.08545193935141,55.98272762781244,0,8,770,86.44218795842346,76.72794977211296,1,53.63443362486262,19.438190577877627,No,4.5,1.2,Placed,14.45
30,22,Female,6.97,CSE,Tier 3,2,2,3,83.57515582883195,62.54005456522454,65.51344976002473,68.8214238816955,0,1,933,63.50549438835603,84.91591430308674,0,47.243519554911146,59.36295644595323,Yes,9.3,2.3,Placed,12.49
31,21,Male,7.28,CSE,Tier 1,0,4,3,80.56490673277857,72.23250187811038,68.21585531352018,71.39610244525882,2,2,437,78.09873093612545,78.53157090692429,1,86.53112522126301,67.53722715270492,No,8.1,3.8,Placed,16.1
32,18,Male,8.7,ECE,Tier 2,3,2,1,85.87310356501521,76.44864707119913,55.89688628199252,73.58858832879656,1,4,412,87.98797903561112,77.42492441695603,1,77.57199365188711,75.52748709042974,Yes,3.8,4.3,Placed,16.04
33,18,Male,7.93,CSE,Tier 2,1,2,4,90.99841366481434,62.79477995789291,90.50077728530681,54.98928543764394,1,4,535,70.92660797833092,73.19291662135781,0,100.0,29.642943058800366,No,6.6,1.1,Placed,14.8
34,20,Female,10.0,ECE,Tier 2,0,0,3,75.88694732807483,75.12568579277846,96.10074889689554,36.92265215849046,1,2,109,55.3426655388819,89.41903729596285,0,43.21278873150453,35.367379336831306,No,4.4,4.8,Not Placed,0.0
35,20,Male,6.2,Civil,Tier 1,1,1,3,62.60798608267936,84.07143713515707,61.54534734682916,63.2364976213682,2,2,908,71.93607098737967,76.34142629248383,0,90.80486785994597,59.3756304904443,No,7.5,4.8,Placed,10.55
36,24,Female,5.72,CSE,Tier 3,4,4,1,56.82762847660797,71.48943222864102,67.74451707210928,70.63987923233474,3,2,903,71.15241760255662,76.85864837370886,0,61.390420615155925,64.27210482215598,No,6.0,4.3,Placed,12.61
37,19,Female,7.33,EEE,Tier 1,1,0,8,69.48478929531313,56.57439195593764,70.02491568059604,75.34226649609282,0,5,54,68.48236377125896,100.0,2,81.59847396656652,40.52118276007256,No,7.0,4.5,Placed,12.02
38,21,Male,7.51,ECE,Tier 2,1,2,4,80.70368882950807,73.20632061778707,62.36142813199478,80.78461095846427,1,4,822,55.234967824039316,88.23967849925366,0,36.04423387023994,73.81067996745499,No,7.8,0.5,Not Placed,0.0
39,21,Female,6.33,ECE,Tier 2,3,3,3,50.663794532567,39.56918719833415,78.43238166213055,76.00774543441976,0,4,500,70.17968089327866,83.5468363734344,0,84.14948567200751,28.29434981224803,No,5.5,1.4,Not Placed,0.0
40,24,Male,8.07,EEE,Tier 2,1,5,3,70.81958960261649,60.887894271038085,78.53575051527307,86.27552710397883,1,6,75,61.76635205559551,81.8904472446387,2,59.03224162966891,38.17606519585081,Yes,7.7,0.5,Placed,11.95
41,23,Male,8.39,ECE,Tier 1,1,3,2,78.17193326318557,60.48487471321574,59.897111655430834,44.415353775223934,0,6,741,83.76950866291179,80.42083293655246,0,54.64336614540398,86.71026161817446,No,8.0,2.9,Placed,12.6
42,23,Male,7.4,CSE,Tier 2,0,1,3,74.88610383169019,59.234587008070115,57.66008251109497,57.55302708522681,0,2,613,50.843851751574505,93.70348921615857,1,49.680488119183416,28.350268660814205,No,7.6,3.2,Not Placed,0.0
43,24,Male,7.8,CSE,Tier 1,2,4,0,82.90986938279158,60.42985466006326,77.51837544300791,61.43781744763052,1,3,696,88.44923407747146,83.54046483250552,0,92.76365901589517,80.74043707999469,Yes,8.9,3.7,Not Placed,0.0
44,23,Male,9.09,Civil,Tier 2,0,3,2,78.26851077886728,95.58228223746731,57.20301602242992,73.7373280851362,0,4,683,64.33994307804198,72.21362664485191,0,54.17487783017366,57.568574836744446,No,6.5,2.7,Placed,12.17
45,20,Male,7.79,CSE,Tier 1,0,6,2,89.44563797057117,68.98232062951321,74.23585821255853,59.61152383798964,1,5,117,68.34209886552736,93.7589711783462,0,45.43319342419024,55.73981169219597,No,8.4,2.2,Placed,15.75
46,21,Female,8.63,IT,Tier 2,1,1,0,69.13836870442015,78.51948429349383,76.70334540833643,80.05731435664953,1,6,158,85.48008755267304,74.51365836069657,1,70.36653368498452,53.79050214745881,Yes,8.3,4.1,Placed,14.83
47,24,Female,7.33,CSE,Tier 1,0,4,1,94.84455982080175,72.94190686290561,51.73336978970022,65.34791984665448,2,5,417,72.85129344492586,85.59369988578841,0,66.27431173557547,63.667988995759856,Yes,5.2,2.5,Not Placed,0.0
48,21,Male,8.23,Civil,Tier 2,1,1,1,44.296342180569056,40.94270267956129,55.58652438589415,69.58606884447103,0,0,652,80.95274698697185,84.71839556139291,0,78.80495637879366,62.36777982592378,Yes,6.7,3.4,Placed,14.85
49,18,Male,7.0,Civil,Tier 1,2,1,1,85.74154698012221,56.005117854187745,74.77813848773516,29.58704467864372,1,2,303,82.61211407504463,62.71777319158603,1,77.83949240535797,90.60835798778056,Yes,8.5,2.8,Not Placed,0.0
50,20,Female,6.67,Mechanical,Tier 3,7,3,2,61.813345086094195,48.46953284851484,96.67789761008567,92.65193685866451,0,5,591,78.75951952487014,72.39451989891396,0,92.22966668084523,28.237460701579753,No,5.4,2.1,Not Placed,0.0
51,22,Female,7.33,Civil,Tier 2,1,4,3,76.6488238032894,77.80708397720012,57.66867820835023,56.26831702686157,1,4,964,72.82732556922926,94.49057236911821,0,8.470221558812831,33.17614684094251,No,5.9,3.3,Placed,14.2
52,20,Male,7.38,Civil,Tier 2,2,1,3,81.52463793284255,58.45286191306533,53.67635735298886,65.76884464763705,1,4,100,85.57572754006517,72.9849745529694,0,57.16378506631909,81.31177181601197,No,6.1,5.3,Not Placed,0.0
53,24,Male,9.11,CSE,Tier 3,2,2,1,84.83458474254607,69.68452739293112,63.74895647485481,64.6910806300567,1,4,621,68.0373616540934,91.53641742452439,0,35.986266659408514,62.94419528646989,No,8.4,3.5,Placed,16.47
54,22,Male,8.77,IT,Tier 2,1,2,3,68.23081827903273,55.408702764746806,72.64060828592471,48.693311612722596,0,2,542,61.9100667700714,84.42136989963738,2,96.26826631360771,71.69167743741544,No,7.0,4.7,Placed,13.3
55,18,Female,7.42,ECE,Tier 1,1,2,0,37.045740199957564,63.23827374009999,55.146659937093034,61.12702968113519,0,3,413,56.27155494493768,81.88442573568075,0,46.38311709518935,69.45466516748888,Yes,5.8,4.3,Not Placed,0.0
56,24,Male,8.1,EEE,Tier 2,5,2,1,67.53633308233499,63.78661881015674,49.01877208331357,56.701913268265706,0,5,490,72.48424342134884,82.97037465050524,0,65.77917888792454,57.615424599176066,No,7.5,5.7,Not Placed,0.0
57,19,Female,7.3,ECE,Tier 3,1,1,1,61.08398148525758,84.24382097784384,80.91206325906782,58.57562520541028,1,4,397,76.09839712060025,58.78625325284723,1,20.296331101441943,42.696279736551645,Yes,4.8,7.0,Placed,13.75
58,21,Male,7.42,ECE,Tier 1,3,4,1,86.51431631812443,62.63851976677716,78.14014041155549,71.91108742123916,5,4,399,84.08068564679652,86.42505721310329,0,81.02086056277278,61.12651540607058,No,5.8,4.3,Not Placed,0.0
59,18,Male,6.47,ECE,Tier 2,2,2,2,69.99081058022183,68.12730788295447,72.57487994972941,91.312637223182,1,5,281,87.47625504738855,68.58014583961291,0,65.22288614298427,53.444339475703785,No,5.7,0.9,Not Placed,0.0
60,21,Male,6.96,CSE,Tier 2,2,1,5,81.17192391580684,74.6746845067697,46.80740200232129,63.25191644206007,1,2,151,66.09655423574698,93.30014189884801,1,100.0,56.3159330129714,No,7.2,2.2,Placed,14.18
61,23,Male,7.95,ECE,Tier 3,2,3,3,62.19601751474839,86.19810503539784,73.2242270892703,66.7741835698399,0,6,406,64.29022223957573,87.43662664645534,0,82.65006719897306,36.48965455149761,Yes,7.6,4.5,Placed,13.1
62,19,Male,7.93,IT,Tier 2,1,2,2,80.64045785900711,50.495194005250625,53.38816851357184,52.32760170030394,1,2,760,87.13231571015764,82.02253564523056,1,66.95563810068944,42.75543075177986,No,7.8,3.3,Placed,16.08
63,19,Male,7.92,Civil,Tier 2,4,1,0,45.37095339913718,62.307601369853856,55.68137354108043,50.92339344201599,2,3,632,50.655220447742046,94.20818411483671,0,59.313038913562046,52.75527318245156,Yes,6.6,3.6,Not Placed,0.0
64,18,Male,7.89,ECE,Tier 2,1,4,3,59.41198861129085,79.75905215214605,54.511900956792786,77.4861519981219,0,4,720,89.34773704304044,93.12207658336438,0,88.42886394713292,28.86718918571653,Yes,6.5,3.7,Placed,12.68
65,19,Male,7.53,Mechanical,Tier 1,1,2,1,70.06733306567988,56.38691217403509,95.27987753222675,46.3450305915899,1,2,459,82.97887183993276,76.90340924908925,0,92.73519347141769,45.80469327916176,No,6.3,6.4,Placed,13.39
66,22,Male,7.96,CSE,Tier 3,1,4,3,71.37861366622447,75.90174209753172,58.792421823693836,66.33027652533616,0,1,446,74.9329239616307,80.89199048309302,1,27.533428730859157,68.46606350799783,No,6.6,1.8,Not Placed,0.0
67,19,Female,6.6,CSE,Tier 3,0,0,0,60.96265810927914,49.978857752744,59.06281543598552,73.90957543992683,2,5,650,100.0,82.50666720412426,1,36.56005044045328,66.01675801141064,No,9.6,2.2,Placed,11.03
68,21,Male,6.91,EEE,Tier 2,0,4,1,32.78808768869603,52.79226240896364,64.784325990285,53.52097821812098,1,1,565,76.66878734743192,95.94314791355535,0,84.26790624595078,0.0,Yes,3.2,2.6,Not Placed,0.0
69,21,Male,8.26,EEE,Tier 3,3,2,0,67.88642282908216,92.92938590211577,79.54420118842359,69.69581259988844,2,1,205,73.55768898111975,100.0,2,46.73807827414147,39.19251306615231,Yes,5.9,6.7,Not Placed,0.0
70,24,Male,6.51,CSE,Tier 1,3,1,4,40.80392937787409,80.32134004472044,75.15436476248361,75.58819991068356,1,6,369,64.23779930873859,82.0964929841645,0,62.34851469518805,84.10421854301455,No,6.2,3.7,Placed,11.18
71,21,Female,7.12,ECE,Tier 2,1,3,1,74.45145674284997,83.74425639313762,85.91201793761485,70.83370716405278,1,6,664,71.00977424065654,81.38157938305007,0,77.50430675566284,31.854182547976144,No,7.3,0.5,Placed,13.09
72,24,Male,7.28,CSE,Tier 2,2,7,3,73.67949425822714,46.309311596020514,56.78722948253891,74.01405930663717,0,3,916,70.437021132683,72.68895745552625,0,77.94115468442529,64.98214616983441,No,5.2,1.1,Placed,13.2
73,21,Male,7.57,ECE,Tier 2,1,3,0,100.0,65.10239585838794,74.01359754653032,87.16892669995178,0,3,64,65.27862193934692,78.3080042707555,0,38.25708805790798,38.12272258793716,Yes,7.4,1.2,Placed,13.13
74,22,Male,8.25,CSE,Tier 2,1,6,1,97.75034371747986,55.68958223743341,71.43929966085726,57.519459408913704,2,6,739,66.35418091363002,93.70526605371263,1,47.87815897065761,23.680891744345338,Yes,5.2,3.4,Not Placed,0.0
75,24,Male,6.71,IT,Tier 2,1,3,4,61.76448211961474,79.08716885709836,84.48742355630199,77.23214747001234,4,3,317,68.60573623425151,68.06707235691664,2,54.36432578305128,38.91245012426282,Yes,5.9,0.5,Placed,12.05
76,20,Female,5.55,CSE,Tier 1,1,6,0,69.96344125501427,67.75037791632279,79.9809687013765,75.48895658380373,1,2,845,65.11509385013404,84.76501285707802,0,57.86472784500872,36.2714521839681,No,5.7,3.6,Not Placed,0.0
77,23,Female,9.02,IT,Tier 2,2,2,2,84.10875359929456,66.30181893239255,66.09876767570287,45.636789910237965,2,3,926,72.43528042744941,87.46132178342198,1,83.13197732423714,69.08407189528391,No,6.0,5.2,Not Placed,0.0
78,18,Female,6.81,IT,Tier 3,1,7,2,70.41247853511801,68.69718497543988,71.88592986821503,57.76520679433065,1,5,942,53.08727386229106,86.54585690739478,0,56.605524898321015,53.563784968340315,Yes,9.7,4.1,Placed,14.18
79,21,Male,7.97,Mechanical,Tier 2,2,1,2,72.1097484687361,54.57614648062135,58.061984172911174,88.13005475567978,0,4,573,63.25578289697,86.97550209086249,0,62.15632014705938,13.060101849375023,Yes,6.9,1.3,Not Placed,0.0
80,19,Female,6.99,Mechanical,Tier 1,2,3,1,76.07524491553164,71.83634433085851,74.84673374957589,75.43417619676995,0,4,359,63.98107997065542,89.36227502945722,0,80.79883093227426,15.91390233526495,Yes,5.1,3.6,Not Placed,0.0
81,21,Female,8.11,Mechanical,Tier 2,2,1,2,72.58638752601877,98.64522773852441,48.17260744581203,90.59089919802223,2,4,795,63.1235379249579,84.59178667660561,0,71.16613776640469,56.93441959526045,No,6.6,1.6,Placed,13.9
82,19,Male,7.65,CSE,Tier 3,2,3,3,48.63440955254764,62.712286310007414,85.35123246702874,68.01037365625885,2,5,949,68.83808105457521,85.11211765267404,1,27.650746657171283,62.52649259770064,Yes,5.3,5.1,Placed,11.57
83,23,Male,8.14,CSE,Tier 2,2,2,2,64.39843695222217,50.76212975923078,53.181699384903474,71.22282695698777,0,4,982,56.90298606251479,82.66902253815714,0,56.59518235209328,91.28751875939037,No,9.1,1.6,Placed,12.25
84,23,Male,6.45,IT,Tier 2,2,3,0,67.99415908300344,60.76231167062094,78.430028523828,62.96606033881754,1,3,263,86.49700331505355,85.3148753964136,0,58.168637911071364,61.86484856243885,Yes,7.3,4.0,Not Placed,0.0
85,23,Male,8.87,Civil,Tier 2,2,6,0,63.924228324261584,75.82352930542406,86.27541810562674,72.16684499923909,1,2,242,69.25505562926537,84.08503796063239,0,36.86836407449242,79.60230518253874,No,7.3,5.2,Placed,14.7
86,19,Male,7.33,IT,Tier 1,2,3,1,71.53128621634694,63.97366899773842,92.14766587097766,98.95092367344922,0,6,109,86.33962407729409,98.44587836582221,0,76.67025787493445,49.26643970301882,Yes,8.7,4.0,Not Placed,0.0
87,21,Male,7.91,IT,Tier 2,0,6,6,70.08968017959458,86.8212082655333,74.41298438203918,41.725799700322156,1,1,920,79.55914241855632,85.82781179015143,0,33.35890024843647,73.84528405846183,Yes,6.9,4.3,Placed,14.62
88,23,Female,8.3,IT,Tier 2,1,5,1,53.09634753357709,69.09297450213899,75.08268647452373,75.67123528803644,1,6,745,60.04808512451159,79.66708664775183,1,70.83559838209945,40.641877212645994,Yes,3.8,3.4,Placed,13.31
89,22,Male,10.0,EEE,Tier 2,0,5,3,55.024097008532266,66.74098344908667,46.23880114790343,65.04455875050942,1,4,812,81.88257242246084,81.91789388437344,1,59.0254012545593,55.099091056785625,No,8.2,2.4,Not Placed,0.0
90,24,Male,7.82,CSE,Tier 3,1,4,1,66.21996678987023,100.0,67.11947108949082,95.61961203486966,0,5,212,50.250417802476235,99.16251410031573,0,62.52911687603201,71.42406029097492,No,7.6,3.1,Placed,12.6
91,19,Male,7.79,Mechanical,Tier 2,1,3,3,51.931571481533815,67.79761597526328,86.56071452385174,52.52615916834663,0,4,393,52.56342723493269,100.0,0,53.86259516083389,65.61445782030822,No,8.0,5.4,Not Placed,0.0
92,19,Male,8.07,Civil,Tier 2,2,4,3,64.53363276970984,91.2260085325613,84.93942136268957,64.32582024131375,1,5,579,56.019010239223874,78.34642282344662,0,42.200646767973716,23.252700622199292,No,8.9,3.0,Not Placed,0.0
93,21,Male,9.04,Mechanical,Tier 2,1,4,3,49.835966031754324,75.78016968741306,77.25044257475494,62.78037170277198,0,4,609,69.08827463381152,92.50047653059775,1,40.29519130009646,56.115199529147475,No,5.4,6.3,Placed,14.15
94,19,Male,8.25,Mechanical,Tier 1,2,3,1,50.91175875901897,46.187348084047414,65.81000405733357,61.3146382658068,2,4,508,74.62105556794631,89.62782544126493,0,83.19254840597735,47.67631603618825,No,6.6,0.9,Placed,14.58
95,19,Female,8.83,CSE,Tier 2,4,6,2,62.21502236779442,60.47865863823283,77.02725259346903,63.645524620760774,2,6,689,98.99029216655784,80.93203233630159,1,50.79033651722598,36.80079858452449,No,7.7,2.4,Not Placed,0.0
96,23,Female,7.79,ECE,Tier 3,3,4,2,75.85741567123911,62.99126126994158,48.75619189065304,72.98413372948801,0,7,669,76.78276171831588,87.5446746247554,0,52.43505358474255,46.393084781156944,No,6.3,7.5,Placed,15.12
97,21,Male,7.98,ECE,Tier 3,1,7,2,64.72151680026742,63.11561797469681,74.8054961362608,55.54542853845779,1,4,78,66.18295315628197,68.3744063562861,0,65.31262369757816,41.68922508923134,No,7.5,6.5,Placed,11.55
98,23,Female,7.51,ECE,Tier 2,0,2,1,91.3009984202736,51.87972221392438,68.25584919670492,62.942814974397386,0,8,893,88.50447247783958,90.0200130830402,2,23.99058764314067,52.03834708271365,Yes,8.9,3.9,Not Placed,0.0
99,24,Male,8.92,Mechanical,Tier 2,0,2,0,71.70989474175998,64.14258215436114,67.8058449219289,51.58391856634958,3,9,578,91.29593306904171,100.0,0,55.55780771689696,79.45493819170164,No,9.0,4.2,Placed,14.58
100,24,Male,6.92,CSE,Tier 2,2,2,0,41.514774145981605,47.25082418814671,49.18405211703035,47.58228542165766,2,3,458,61.075733442102205,67.48848632710167,1,67.62170206183248,41.17177925435473,No,7.7,2.8,Not Placed,0.0
101,23,Male,6.29,IT,Tier 3,0,7,2,61.75400265338168,73.98204301904076,44.70533025309976,91.6853348597335,1,3,955,90.24525240597396,88.6552600654397,1,44.58434730889801,50.291381678551986,Yes,7.5,3.2,Placed,12.07
102,24,Female,7.89,Mechanical,Tier 2,1,3,5,48.39561375648958,55.04500499326421,51.44655132605129,67.7227211547417,1,3,667,70.45482371116613,90.04470862319931,0,69.80265232509977,47.31037874053081,Yes,10.0,0.9,Placed,11.5
103,21,Female,7.55,Mechanical,Tier 2,0,3,3,75.62562494170129,58.467147393064785,100.0,83.31332600075281,1,0,466,84.801664830866,80.82285103912814,0,74.91765301812006,65.61897980568354,Yes,7.4,3.2,Not Placed,0.0
104,18,Female,7.29,IT,Tier 3,2,4,0,61.47031141304786,73.91150542550301,56.157763063064635,77.76387289990919,1,4,272,89.87548471100598,61.60835567859189,0,68.21699552252232,50.188709219368995,No,5.4,5.2,Not Placed,0.0
105,23,Female,9.26,CSE,Tier 2,5,4,4,51.69794161087088,84.58455625000555,60.976550463707895,68.0690444479797,0,5,546,87.19613489829851,84.03061826823382,0,58.34422321756619,48.775099424140336,No,5.7,1.7,Placed,17.35
106,22,Female,6.87,ECE,Tier 2,0,3,2,56.629483357956836,74.00358113989444,63.509419936581764,74.74810431710195,2,2,818,81.48278613287228,100.0,1,58.93443070208604,36.24878050895107,No,5.5,4.8,Not Placed,0.0
107,22,Female,5.73,CSE,Tier 1,2,4,0,70.77610371952635,48.25871433025907,95.76196452153413,49.86779653500907,0,4,172,75.60822934048944,79.12908406211908,1,89.05591127343764,42.882054893295276,No,8.9,2.0,Placed,13.87
108,19,Male,6.96,ECE,Tier 3,1,3,0,92.82849441461892,38.7653816550215,64.30051678301149,80.38506634081088,0,9,876,78.2816687219325,82.47287838995761,0,72.32161418612228,84.7660765703315,No,6.1,5.2,Placed,15.68
109,24,Female,8.1,EEE,Tier 3,3,1,4,86.2377490623538,77.80185480020567,51.80450306413658,37.32503664940021,1,5,268,79.78760338084919,87.80703096150914,0,60.81656362318566,34.79165984321133,Yes,8.8,2.7,Not Placed,0.0
110,22,Female,8.78,CSE,Tier 3,0,5,1,54.267375892208975,63.57081520898847,66.49285256440164,74.00765370591486,1,5,157,69.47439118419557,66.77220091772874,0,65.29119710843116,27.900656927939373,No,8.0,4.4,Not Placed,0.0
111,19,Female,8.67,CSE,Tier 2,3,4,1,74.42349276788123,65.70693098110121,88.49456391472539,80.55517945775063,1,5,964,71.7826535113898,78.67642314909038,1,97.42537328349371,52.709862144526845,Yes,7.3,4.0,Not Placed,0.0
112,18,Male,7.56,CSE,Tier 2,3,4,0,72.12590619075685,58.51619443741412,78.30625245432527,50.133995023159656,3,5,170,51.805386150160096,77.40854473223543,1,39.295077244014806,43.97649697315579,No,8.3,2.0,Placed,14.43
113,21,Male,7.52,Mechanical,Tier 2,2,3,0,63.424850493848695,53.11145475211247,56.84345355495119,53.50224262512258,0,2,849,64.65820106871018,87.30280234360659,0,73.99956219527772,78.30251786239305,No,8.6,4.3,Placed,12.94
114,21,Female,7.97,IT,Tier 1,1,3,0,78.0854503865164,43.17868310962824,50.58796936277609,68.8602185962864,2,5,952,61.31552028682178,85.12478845409296,2,84.64316823516613,69.07221710002632,No,8.0,4.2,Not Placed,0.0
115,21,Male,8.17,Mechanical,Tier 2,2,2,1,70.84399852859964,72.80411706717302,66.22624168674156,56.05097977775169,2,5,963,71.0830282528673,69.58898207930935,0,30.323981186096777,57.82172498232945,No,6.6,2.0,Not Placed,0.0
116,22,Female,8.41,CSE,Tier 2,3,2,0,100.0,78.45622185358332,22.291072594290938,87.56696022236937,0,7,163,64.09171273056086,83.66053804599449,0,94.26475585338943,37.92885202792907,No,8.0,5.1,Not Placed,0.0
117,18,Male,7.25,CSE,Tier 2,1,4,2,74.07143229481798,54.68555710867348,53.59409032694643,69.73329865705071,2,3,909,74.41293603775695,90.1304057232213,1,41.57669047237215,30.197470584104057,No,4.9,5.5,Placed,14.59
118,22,Female,6.8,CSE,Tier 2,0,2,4,76.08316236553931,91.52058899003349,69.60075490324058,55.69988099782948,1,6,772,67.29027147105222,97.1440241645095,2,94.71404936106191,42.92650654747165,Yes,7.4,2.9,Placed,14.07
119,24,Female,7.79,CSE,Tier 2,1,3,3,63.715522484891885,67.07457491021371,74.16830257024093,45.16220970167724,1,2,795,73.39104190751276,71.4920462012253,0,37.61929001020421,61.538719562089746,Yes,3.9,6.3,Placed,11.7
120,22,Male,7.49,CSE,Tier 2,0,2,2,84.3978741677522,81.84430814387422,68.12022888373019,38.55781822632019,4,4,156,69.17137943509887,84.85179250060443,0,89.5596620940835,32.55326329218021,Yes,8.0,3.2,Placed,12.61
121,18,Male,7.19,IT,Tier 1,0,1,2,65.47548165804767,76.78796616991885,55.687293433842456,79.31544450834562,2,5,215,68.79324178189866,79.7578568286093,0,41.46480708138077,67.02762780435258,Yes,6.8,1.1,Placed,11.55
122,18,Male,7.65,CSE,Tier 2,0,2,1,70.07258668606023,46.832741535292826,69.65416497304027,80.04575013048127,2,5,874,82.80670652059453,81.70758059233128,0,72.55360537909134,50.097937327140016,No,10.0,1.5,Placed,12.51
123,24,Male,9.03,ECE,Tier 2,1,1,1,78.34715408131505,77.47285225804546,64.63432689093015,79.64482389766917,0,5,415,79.16713126610988,77.06245102486234,0,64.80837806679986,50.321589607289646,No,7.4,3.4,Not Placed,0.0
124,18,Female,9.38,ECE,Tier 2,0,4,2,66.46391235028081,77.92498914324536,64.57686591444762,69.04177488250386,0,2,853,57.989240792059704,78.75288661761081,1,63.32332367056729,17.50719991261449,No,6.8,3.2,Placed,13.84
125,18,Female,6.01,CSE,Tier 2,1,6,0,69.78247064221115,73.07138513894937,64.23660045351303,39.51467619993865,5,1,348,62.45450943995615,78.9761885538039,1,42.582693380237686,60.305087570943165,Yes,7.0,5.5,Placed,12.72
126,21,Male,6.06,CSE,Tier 3,1,1,2,54.711033661397465,92.90993320986819,61.40815263827612,72.1815560864046,0,5,325,68.00733607187382,83.32030557562533,0,64.76539547866864,59.87801449187723,Yes,6.3,1.6,Placed,11.49
127,24,Male,7.95,EEE,Tier 2,1,3,2,65.1755299792604,86.47849610295637,99.1361753012311,97.79788733989821,0,6,333,67.03566328530646,79.5775990299746,0,32.479549276972755,20.930887546454294,Yes,6.7,4.0,Not Placed,0.0
128,20,Female,7.7,ECE,Tier 2,1,4,2,53.51382290082334,53.55401219873184,56.26496928616535,71.4091160935362,3,3,667,70.38089430870157,84.31342231997672,1,46.90223336641966,86.6443359008006,No,5.9,2.8,Placed,11.74
129,20,Female,8.09,IT,Tier 3,1,1,1,65.40390554996628,63.33996534401795,85.0572544780994,51.666377550515,0,1,713,66.40519716340863,65.36023983556751,0,66.31815955278023,56.34701065003091,No,8.6,2.9,Not Placed,0.0
130,18,Female,7.73,Civil,Tier 2,2,3,3,55.56644147127963,78.77731823337224,57.27779370839066,74.1307368966607,1,4,749,74.40431682983927,86.75574280528477,0,72.497609381944,45.83392239802849,No,7.0,2.5,Not Placed,0.0
131,20,Male,8.51,ECE,Tier 2,3,2,1,72.41575323024874,38.11405240953684,48.737508511566446,84.51657271273122,2,2,698,67.09658739915051,83.73962306574417,0,75.31067608377889,20.513078073390595,No,8.2,6.0,Not Placed,0.0
132,20,Female,7.94,Mechanical,Tier 2,0,1,4,69.1095831555795,62.510250618357055,67.77753125599912,80.63209553421395,0,6,638,61.06795527324602,97.80753601742511,1,82.76991234120864,65.23315208590799,Yes,6.5,2.0,Placed,13.42
133,18,Female,8.01,ECE,Tier 2,3,3,2,79.6801803790714,81.67214139633747,63.61664071207844,94.71267784440981,1,1,459,81.67583633033283,94.92552622813427,2,24.680737050400275,81.2993599706696,No,9.7,3.6,Placed,13.61
134,20,Male,7.0,ECE,Tier 3,1,2,3,89.91884967796028,88.30664487075884,53.158907634840425,79.13579849075754,2,5,844,52.217404087303365,62.89257288440242,0,53.53120959724298,45.2468492500021,Yes,7.4,3.3,Not Placed,0.0
135,22,Male,7.84,CSE,Tier 3,1,0,4,63.57931878539122,78.74539862473819,67.44302403140476,53.583477660012264,3,3,998,59.06380976403705,90.71633143733573,1,83.55811467990485,78.30317769229043,No,5.2,2.7,Not Placed,0.0
136,19,Male,6.37,ECE,Tier 2,0,4,1,62.551653583674,76.4309286242033,77.85051182253946,76.38183321295547,1,4,914,66.26918629026213,88.61508357484807,0,21.875435290829166,48.533820437930736,No,5.6,1.6,Placed,12.13
137,24,Female,8.51,CSE,Tier 2,2,3,6,43.71965578545598,80.52641524812111,53.77644385500422,48.16808104174099,1,4,250,77.28418163571453,78.44049758188585,0,88.37071228467508,65.00754574450849,Yes,7.0,2.4,Placed,12.52
138,19,Male,7.69,CSE,Tier 1,0,2,6,67.59557146252789,81.82852838417881,93.16996346051408,73.59835711344877,1,3,371,63.0800487860096,82.67402374470625,1,45.43826002688314,72.67620392579154,No,6.0,4.4,Placed,13.28
139,18,Female,6.94,CSE,Tier 2,1,5,1,59.707865830639285,50.85984929050199,61.67785676064385,65.36691891709616,0,5,68,73.35371368685298,73.3596994298647,0,96.63362615439316,90.93992163453265,Yes,5.2,3.9,Placed,12.32
140,21,Female,6.52,EEE,Tier 2,1,2,1,82.80314773169049,84.03648810277932,49.07841304904443,56.032546653472195,0,4,326,65.66575906830784,92.48023287289594,0,31.271096174820094,68.54500225713377,No,7.5,4.8,Not Placed,0.0
141,24,Male,8.14,CSE,Tier 2,1,5,6,48.402204881534345,41.92719456376875,48.6012242350187,93.78952640955569,0,6,871,68.42533108927242,71.23229818049845,0,78.75568164805776,79.59526931461727,Yes,6.1,4.7,Not Placed,0.0
142,18,Male,7.04,Civil,Tier 2,2,1,3,74.9463462839916,47.733600317243535,52.6785070018248,54.12412652651834,1,0,356,64.87508401521413,99.54649553421035,1,83.5026409081385,53.537800367768284,No,6.2,4.4,Not Placed,0.0
143,21,Female,6.85,CSE,Tier 1,2,1,4,88.06450787698937,75.24580362024135,64.78528396200409,97.04363983808081,3,3,395,86.96458969384688,80.97663243318571,1,54.975423349660545,74.79549855905437,No,5.6,2.9,Not Placed,0.0
144,19,Female,7.77,CSE,Tier 3,2,5,1,84.40964101839015,58.3601105670715,100.0,41.95489954632095,1,2,866,81.99022589964721,84.40356634735917,0,55.43852052028862,64.68550257386224,No,6.8,2.9,Not Placed,0.0
145,18,Female,7.94,EEE,Tier 2,0,3,2,44.14309383047719,57.53668761238244,67.4244242560354,43.365135184893184,2,3,902,77.1547579167139,69.20779649598069,1,35.390698950686634,52.164638172150646,No,7.8,1.4,Not Placed,0.0
146,24,Male,8.72,IT,Tier 2,0,4,0,69.19631375047588,72.38322783260453,97.62805379588961,58.1903977367563,1,2,969,96.42305191009669,72.21884695511781,0,67.19537464834663,60.04686595810851,No,7.2,4.5,Placed,11.64
147,24,Male,8.33,ECE,Tier 2,5,5,1,57.15450602549009,63.24412204972402,63.520962460082856,61.696405282262205,0,2,566,68.45995640665,91.0011355647186,0,58.16499197812784,39.89365861848827,No,6.5,5.0,Placed,15.38
148,23,Female,6.92,EEE,Tier 2,2,3,3,86.9329467394722,48.39045845398268,72.38301639083102,60.39079616261917,1,2,754,88.4260066214696,83.08525903218002,1,71.45887741509796,74.07028655817024,Yes,5.6,4.1,Placed,13.7
149,22,Male,5.1,ECE,Tier 2,2,3,2,75.70668907540329,61.48604977246063,51.4797461123045,76.29654788549135,0,4,542,59.77609748915472,76.70250077176686,1,47.749909988987056,63.47788014149126,No,6.2,3.5,Not Placed,0.0
150,20,Male,8.19,EEE,Tier 2,1,3,2,91.54743021880903,68.67729629030605,53.57310843623915,81.82232625007865,1,6,382,88.57138554291717,82.44169495450718,1,67.85540944251157,36.54730863269758,No,6.0,5.3,Placed,15.61
151,21,Male,5.81,ECE,Tier 2,2,1,3,47.74205945341462,81.85958667787628,85.13181754247954,69.84258064216132,1,6,681,65.38589084389102,90.71874040993148,2,76.20868290731781,24.880106271832737,No,6.8,2.2,Not Placed,0.0
152,23,Female,8.17,CSE,Tier 1,2,2,1,63.50943400232702,79.20866631508711,52.32961235155621,46.660163235016256,3,4,697,71.76550158512816,85.49262455294131,0,47.024297205582954,23.871093683689942,No,7.0,4.8,Not Placed,0.0
153,20,Female,5.77,Mechanical,Tier 1,1,2,1,55.63702754583732,84.78686221521795,72.14763106157085,64.99627633938013,0,9,484,95.79770921555945,100.0,1,100.0,69.08335886009175,No,4.9,3.3,Placed,10.87
154,20,Male,7.54,IT,Tier 3,0,5,5,54.64193932723404,78.86206914824062,65.62866225874241,53.8526718718898,2,1,179,49.9340138259574,62.33228592532791,1,82.45188586792139,95.46792222542663,No,4.7,3.6,Placed,11.67
155,18,Male,8.18,IT,Tier 3,1,2,3,74.56018654422213,46.682440933877686,84.49847341863517,69.34616198240414,3,5,362,56.15106844802099,84.08036298618515,3,61.40599815488945,81.48573507843619,Yes,6.5,3.2,Not Placed,0.0
156,20,Female,9.73,CSE,Tier 2,1,3,0,80.35373197553017,44.36550812419429,71.2802307664939,60.560493200258804,2,9,509,67.65838612656441,85.39680361038606,0,52.73433678919646,33.187318725973405,No,6.5,5.0,Not Placed,0.0
157,22,Male,8.72,ECE,Tier 2,0,3,2,72.61667084306502,63.6976520408835,80.00196882470564,71.99862196445315,1,4,136,64.32401952715021,73.62509032486432,1,61.21118449675521,81.68898842097296,No,9.6,4.5,Placed,14.24
158,24,Male,6.53,CSE,Tier 2,2,2,0,74.10749992620686,73.39966915899763,71.04781318274308,49.68213175037048,2,1,768,80.22437851949901,95.60078098372134,0,45.75972766504516,52.291562504052834,No,7.6,5.8,Placed,12.12
159,23,Female,5.82,IT,Tier 1,3,3,2,68.06970174786531,62.196465465376384,61.503579463553464,38.43479277095218,0,1,144,68.27760601124047,80.12089712047826,2,33.35814183710298,53.57124839556734,Yes,7.7,4.0,Placed,12.3
160,20,Male,7.34,Mechanical,Tier 2,1,3,2,59.52929293801119,69.96488229718028,74.57490825384983,47.34674682749703,0,6,264,63.887855075449444,69.7781720051955,1,74.42514341705514,47.597663529896444,Yes,8.8,4.4,Not Placed,0.0
161,18,Male,8.5,CSE,Tier 1,1,0,1,77.07433287874682,77.28603717806833,75.59678625507324,41.17096750722916,1,0,101,90.02798103821722,90.80413884209632,0,38.194908058183586,27.667711709497127,No,7.7,2.6,Not Placed,0.0
162,22,Female,9.35,Civil,Tier 3,0,3,2,89.86218440877862,76.7521786214053,86.08033953455592,53.833990739308334,2,5,225,74.98693208982601,77.9890815100481,1,94.06176332756527,82.05187065249606,No,5.1,1.5,Placed,14.4
163,19,Female,7.58,Civil,Tier 2,0,8,2,49.23891597271874,78.82167432834241,78.99747221165387,67.79247840085758,1,1,96,64.90766850722648,81.01025808526236,0,100.0,65.36542957482928,No,7.8,2.9,Placed,10.36
164,24,Male,7.56,EEE,Tier 3,3,2,7,59.59220189963323,75.26392916831752,58.40299347653519,39.768137931240744,0,1,481,76.51972916230584,94.82699826208948,2,76.62290500718163,47.04363940154088,No,8.7,3.3,Not Placed,0.0
165,24,Female,7.57,EEE,Tier 2,1,3,0,84.68094078619332,77.48526883283641,55.33832052363327,66.15821311269745,0,4,518,65.57421254635945,87.68496259577948,0,58.63835511268678,25.71045248689061,Yes,6.6,3.5,Placed,14.79
166,23,Female,6.98,EEE,Tier 3,1,3,2,65.58543172949929,72.80279870071492,68.01715348737862,62.86110889673094,1,7,628,53.002622014321304,94.0337484060669,0,62.10351128283151,45.821437258972935,No,4.8,2.7,Not Placed,0.0
167,24,Male,5.18,CSE,Tier 2,1,1,2,55.32735742392036,61.95986715696696,72.4952362119823,94.7661586487805,0,4,749,72.78265890836263,85.25358547282818,0,61.429136525345854,56.15015941494785,No,6.5,4.3,Placed,9.7
168,20,Male,7.19,EEE,Tier 1,0,3,4,75.03804043126075,70.60115994258021,64.76294649228916,52.67781328466751,0,0,155,68.58641713565491,81.27963040981956,2,58.15669223482731,62.82304956185508,Yes,3.0,0.5,Not Placed,0.0
169,18,Male,8.51,IT,Tier 2,2,3,1,55.55702597142556,56.932620032972515,93.95317701774512,55.91418070178557,0,3,260,69.81778248079792,84.80861192750183,1,58.67412743329133,78.0066778384272,No,8.7,5.7,Placed,15.19
170,24,Male,8.47,ECE,Tier 3,5,6,3,59.448049166189385,65.34844729970423,86.0280617284137,61.5573432556038,2,2,616,52.1393156612156,96.72416547057279,0,80.51223190783267,69.97225945562549,No,7.6,2.8,Placed,16.2
171,24,Male,6.33,IT,Tier 2,0,1,1,63.95054929817485,82.94511955294053,67.81882210686493,71.10013973163178,1,5,120,80.22796202148683,90.87282866428588,0,67.57600879408021,56.65503658334133,Yes,5.1,1.0,Placed,10.69
172,19,Male,8.09,CSE,Tier 2,1,2,2,59.30345488603364,47.67490792137483,57.804062600546835,53.74971781153372,0,4,782,77.73812201758936,89.35595372781964,1,58.14390411702123,45.67285076019197,No,7.1,0.5,Not Placed,0.0
173,19,Male,6.32,Mechanical,Tier 2,2,4,5,80.91569875633479,30.74395929928823,35.551353535129635,43.456112560561905,1,4,380,95.7013098608936,89.81574829378843,4,73.65187962940469,65.23045393790912,No,4.8,7.5,Not Placed,0.0
174,21,Male,8.18,CSE,Tier 1,1,2,0,51.619254586720736,50.37512010648074,81.1549428947798,89.87848597177562,1,5,785,74.10786491681247,92.48975767344625,1,40.048284233857146,57.8712944715665,No,7.2,0.5,Placed,13.42
175,22,Male,8.07,CSE,Tier 2,4,3,1,52.992462980603385,73.34289238730824,68.17732054975247,54.27858787180061,3,8,446,68.56286748055496,83.90077085750143,1,42.2679427515839,70.17367349833691,Yes,5.8,2.2,Not Placed,0.0
176,20,Male,8.86,CSE,Tier 1,2,2,2,49.693383845458115,49.03155546946089,81.75773862327902,65.55614290827909,3,5,614,69.46227609902678,87.59117148721407,0,70.24623007355683,55.471259331098445,Yes,6.7,0.5,Not Placed,0.0
177,24,Female,9.24,Mechanical,Tier 2,1,3,0,62.77935781699605,39.8950442162821,50.30024926408984,92.41517030688334,0,7,626,64.01157886804756,90.738941870459,0,37.18575939461667,48.9408197355477,Yes,8.6,1.8,Placed,14.19
178,24,Female,6.03,CSE,Tier 2,0,3,2,71.73530718476987,57.70029329762563,78.16744502269479,38.754273293276846,0,2,51,78.09649490411914,92.89478656576456,0,71.80630870441226,26.842543332770123,Yes,9.9,3.1,Placed,11.31
179,18,Male,6.45,ECE,Tier 2,0,2,3,82.6566553732725,80.84662750006746,68.1727780305749,59.057947579536986,0,1,621,80.09900272318454,77.70411663590585,0,81.38910720930636,64.85856159059807,No,5.2,3.1,Placed,11.89
180,21,Male,8.25,Mechanical,Tier 2,1,4,2,75.65213670337833,68.6898410803595,62.26655567742575,58.88657785397279,0,6,960,60.253089715894276,89.39119701095947,1,56.723790523670225,54.55631244410474,Yes,8.5,3.9,Not Placed,0.0
181,22,Male,6.85,CSE,Tier 3,1,1,4,68.2430811038571,69.53079685672232,61.1832041628102,49.56146732044224,0,2,507,64.756561402172,98.87683453181273,1,83.71591630301792,24.587543908667904,No,6.5,3.7,Placed,11.5
182,21,Female,7.45,ECE,Tier 2,2,2,0,78.14786573711868,58.03438035149935,67.9511901342384,72.33325781361825,0,3,237,71.87677066808244,91.6378601262874,0,67.58813774038744,50.19101985971588,Yes,8.0,3.4,Not Placed,0.0
183,23,Female,7.27,EEE,Tier 2,0,4,1,53.50420695637127,55.91654806384589,53.98987715863532,86.98852809488673,0,6,106,76.78483015326879,82.88011948974994,2,78.10115699083828,42.7707470639366,No,6.1,3.9,Not Placed,0.0
184,22,Male,8.43,IT,Tier 2,0,5,2,73.98997405015338,51.27688595170086,49.87351343151271,57.30125024745986,2,4,942,76.90982699055105,85.70447180783138,1,48.757071755962116,56.685620257931376,No,7.0,1.3,Not Placed,0.0
185,24,Male,8.2,CSE,Tier 1,3,2,0,85.54728527233513,73.18350364266135,62.3665591276437,72.43459728642411,1,5,804,81.3164552327298,89.13348947834218,0,47.68047070555703,5.261730926473398,No,6.8,4.6,Not Placed,0.0
186,24,Female,6.95,CSE,Tier 2,3,3,2,83.15284690451972,73.29928524830405,55.44784578848894,51.71420274719819,1,6,885,70.92084682001548,73.85023546758603,0,63.91901559476097,61.63878648810546,No,7.4,3.8,Not Placed,0.0
187,22,Female,8.29,ECE,Tier 1,2,0,1,67.67178457086544,67.61685636336179,70.85194910846896,65.82626308914672,2,3,444,89.99119465758045,76.0502226073548,0,71.1057361163641,40.661752657720754,No,7.1,1.7,Not Placed,0.0
188,24,Female,7.44,IT,Tier 3,3,4,1,84.55346645621903,67.62012054922108,70.70270074378975,72.37830456463428,0,3,848,80.03000358145067,71.96936754851178,0,60.79970352403473,72.48434417668072,Yes,8.0,3.5,Not Placed,0.0
189,20,Male,6.69,ECE,Tier 3,2,1,1,67.20991317535017,75.64643083696039,29.529039441218842,96.69690931736044,0,3,492,67.44158204040464,77.59717761258212,1,60.639404837542116,28.706973580420517,No,6.7,1.8,Not Placed,0.0
190,22,Female,6.64,CSE,Tier 2,1,2,4,69.42320357216195,70.40127860385769,80.79726893342877,75.18932088502218,1,4,104,73.9520184066346,76.85776504067091,1,79.33970548629796,63.304506537182874,Yes,7.0,4.8,Not Placed,0.0
191,21,Male,7.09,EEE,Tier 3,2,1,2,80.05299443424632,41.965759188283755,87.29891073727035,43.67818047873291,0,4,208,57.416538425844635,52.01006393462342,0,64.03904470258065,55.77970287257908,Yes,6.3,4.6,Placed,14.14
192,22,Male,7.39,IT,Tier 1,2,4,2,90.32428771883959,54.77672526773116,76.29496008876043,59.53697056046548,2,3,107,67.57376126980377,100.0,1,54.34559356002984,37.03668568608588,Yes,6.7,5.6,Not Placed,0.0
193,24,Male,5.09,Mechanical,Tier 2,1,2,3,90.03166849280194,53.10494752369166,78.78507801138629,67.66862080937929,4,4,241,72.63365589126128,81.10707926425972,1,31.530593869264724,59.13667310020762,Yes,4.8,2.4,Placed,11.06
194,20,Female,8.09,CSE,Tier 2,1,3,4,46.9898833997792,65.82886627486026,49.812446637437645,67.12090965380914,0,6,375,66.97848376937186,83.76335914447158,0,46.26181237386999,29.471017697395283,Yes,5.5,3.1,Placed,10.59
195,20,Male,7.7,Civil,Tier 2,0,3,4,62.20943871495554,51.0447416765197,64.68182373525372,77.53152599385804,3,1,567,61.62326746850191,88.77218806775794,0,36.23639386774532,59.08097894470695,No,7.8,1.2,Not Placed,0.0
196,23,Male,5.89,CSE,Tier 3,1,3,2,90.51763950764153,71.11420015503586,77.1154905939014,45.88024171380646,1,2,975,83.8906752146145,60.33071640059592,1,67.33952922445144,61.90739362810133,Yes,8.3,5.6,Placed,13.7
197,21,Female,8.76,CSE,Tier 2,1,2,2,60.44767629966179,40.09352581926255,83.38901715006233,65.81199329693497,0,2,199,66.45421864505911,59.01006058463754,2,89.51397243407649,34.33808360404585,Yes,9.9,2.2,Not Placed,0.0
198,19,Male,5.79,CSE,Tier 2,2,2,1,62.46329154414839,68.3892900179963,78.71254156005614,62.306445315756605,1,3,279,58.25313220806528,84.50737969046168,1,93.75475699925187,50.46111927528184,Yes,5.6,1.0,Not Placed,0.0
199,19,Female,9.08,ECE,Tier 3,5,6,1,73.88499226511853,75.07412456612782,79.48783775677717,85.14479342904065,1,2,678,72.10057552499983,77.95902664164419,0,22.264703531990946,40.13167936645512,No,9.1,1.7,Placed,17.07
200,22,Male,7.49,IT,Tier 3,2,0,3,99.70543972409754,81.57110577942687,68.62349777343628,58.84178893878517,0,3,844,58.68828635752839,81.18092102399387,0,57.2356707662776,49.73341884276394,No,5.6,1.6,Placed,15.62
201,23,Male,7.46,ECE,Tier 3,0,3,3,74.86220447228885,71.25364947205075,69.03694685601704,73.47031813146256,0,1,593,57.42603799293351,88.30178176912109,1,37.363881668613516,62.7656402021281,No,8.1,3.9,Not Placed,0.0
202,18,Male,8.68,CSE,Tier 2,0,1,1,71.76105654756873,34.09135152474541,51.336531872499776,48.882325809831976,1,4,173,66.26754887926408,85.8094229714656,1,48.443637294467365,23.461062494366036,No,6.2,5.1,Placed,16.22
203,22,Male,7.21,IT,Tier 2,2,2,1,68.17856236253841,92.62397971536863,91.92767904629648,77.32099196537095,0,4,216,71.54433609026373,63.19144251556643,0,44.03553207360203,52.882937175439004,No,6.7,2.7,Placed,12.42
204,23,Male,8.04,IT,Tier 3,1,3,1,66.85953315239043,21.846421720758514,74.85890473164612,58.766374570372406,1,3,269,66.10377670005686,76.51465745065222,1,70.71348180206067,67.13858741930659,Yes,9.9,1.3,Not Placed,0.0
205,21,Male,7.85,IT,Tier 2,0,1,1,72.4723401124206,53.170545542675896,48.478538638575344,66.69941785730413,0,2,979,74.24869300332136,95.65356402514308,0,75.14891492587171,49.83735881590347,Yes,8.1,4.3,Not Placed,0.0
206,21,Female,6.24,Mechanical,Tier 1,3,1,1,86.45256134605256,53.486700585511635,72.28069264478638,45.47023710278785,0,3,326,76.9977095619262,75.99548385744009,0,48.11583540893318,42.14662855550611,Yes,8.0,1.5,Placed,13.86
207,21,Male,5.95,ECE,Tier 2,1,0,1,61.15377816207027,76.34044351574812,57.96529465136641,40.63453738180346,1,4,971,63.551570965736886,72.67558509578461,1,37.76049589309902,53.58735411920143,Yes,8.1,2.4,Not Placed,0.0
208,21,Male,8.85,Mechanical,Tier 1,0,3,1,65.34046809796885,77.47979241133342,76.48193545707107,64.1022389714559,2,4,445,39.268537542003514,82.05727351164896,0,29.185790599916665,59.854429936707426,No,7.4,5.9,Not Placed,0.0
209,21,Female,6.83,ECE,Tier 2,3,2,4,63.82091487870327,53.24237871777545,76.63185908847029,66.34283239646273,0,7,961,74.97354899898325,87.27369771607742,0,61.749342197016695,59.81750610638905,No,7.4,3.3,Not Placed,0.0
210,23,Female,7.71,Civil,Tier 2,1,5,1,75.69098431695727,60.40645500694825,70.83945793765652,70.43739083187087,0,6,680,71.39895997949039,75.61544526108815,0,52.14184829060447,12.40044385134474,No,8.8,0.5,Placed,13.04
211,23,Male,7.17,Mechanical,Tier 3,2,2,3,77.5602472694597,97.36547535524879,73.6927924824385,84.5517404777469,1,2,593,92.41436960459936,98.6567963640881,0,99.8174517510991,45.27264310723081,Yes,8.7,4.6,Placed,14.26
212,20,Male,6.2,Civil,Tier 2,1,3,1,58.85760793013171,66.284330861602,67.20527836101661,53.6650501479219,3,6,367,80.69651282115618,94.82025250402414,0,57.499652784124386,40.14872620707736,Yes,7.1,2.4,Not Placed,0.0
213,19,Female,7.49,EEE,Tier 1,2,2,1,42.714532870365886,72.51562430702543,75.96254047324396,82.70470673622884,1,4,342,63.34286966298929,90.46296983044535,1,58.948641321523894,46.02369380704456,Yes,4.8,5.8,Placed,12.53
214,24,Male,8.15,IT,Tier 1,2,6,2,99.45005614744856,88.08106166651875,83.97359493136113,77.45124549383118,1,5,591,55.95771338845344,88.76608830064109,1,61.23390262999233,33.98274785725626,No,10.0,1.5,Placed,15.88
215,21,Male,8.24,CSE,Tier 2,2,2,1,68.78249338864309,54.29245670797576,75.7029931798417,53.11986510210635,2,3,693,81.67231907750323,89.60025444643932,1,49.38018227000281,61.44477632997442,Yes,6.5,4.1,Placed,13.72
216,18,Female,8.27,IT,Tier 1,2,0,0,100.0,86.38258575001194,61.76712248885163,48.88918566682851,1,3,293,72.01233059512909,76.00324171144702,0,58.74036197109867,94.85660619912684,No,9.1,4.4,Placed,16.26
217,24,Female,8.0,Civil,Tier 2,6,6,0,33.231132665946966,51.56632814207297,60.44937934728935,70.02369835779781,0,2,560,78.42882269709914,100.0,0,82.78950638765083,50.54793770585423,No,8.8,2.8,Placed,13.86
218,23,Male,6.29,IT,Tier 2,2,1,1,88.88623285069193,74.47730315258374,74.23618097710887,58.25371100911815,0,2,221,46.66894565428844,100.0,0,93.11562226031825,46.5202599800962,Yes,7.5,2.3,Placed,13.88
219,18,Male,8.72,CSE,Tier 2,1,4,1,81.43071806426371,50.86185459690928,100.0,62.09266062588572,0,4,385,71.51555327814673,92.02992674333002,0,35.8291120159216,60.61947010262315,No,7.9,3.4,Not Placed,0.0
220,18,Male,6.85,IT,Tier 2,1,1,2,100.0,69.1058174356267,56.67622172907545,81.26149071547403,0,1,178,77.01445227559955,100.0,2,55.67601112076548,58.325881673775,Yes,7.6,1.1,Not Placed,0.0
221,18,Male,8.96,EEE,Tier 2,1,1,0,53.38295050938634,57.433359244841604,83.10228591453557,56.26764541132009,1,2,805,88.46530177548019,59.56549223079571,0,54.45759783210684,47.26047960112794,No,6.8,1.2,Not Placed,0.0
222,20,Female,6.93,ECE,Tier 3,0,1,1,76.6760132068061,42.99766372368617,85.55720030037341,70.71050380334212,1,0,960,79.59974473990962,99.21474890295468,0,89.56768257291631,43.56318133082357,Yes,5.0,4.8,Placed,12.46
223,23,Male,8.24,IT,Tier 3,1,1,2,67.60623495367285,54.4321444543599,63.87956799838581,79.94874317436647,0,3,268,66.97225186053251,100.0,0,44.43375176068091,49.69914305251714,Yes,5.2,4.2,Placed,13.52
224,18,Male,6.83,Civil,Tier 2,1,2,4,68.78357016533543,58.53479188278506,75.11031643108788,83.48603406263565,1,2,250,66.51170493716909,81.34121107664605,1,15.010465575769402,45.75032783580202,No,6.9,1.6,Placed,11.93
225,21,Male,8.13,ECE,Tier 3,0,6,1,61.091007116432024,57.94552514861661,59.35419393096387,72.15038134295115,4,3,352,70.33862840230472,91.00508898840539,1,53.52878330945737,94.86357565101711,No,5.7,3.6,Not Placed,0.0
226,22,Male,5.69,CSE,Tier 3,0,2,1,73.24342321688911,76.36935375409142,61.42573114731868,92.07297556258958,1,2,563,61.91534031672965,86.67815418343338,1,43.69683240777442,72.17789030943501,No,6.1,5.3,Placed,9.94
227,18,Male,9.58,EEE,Tier 1,0,2,0,68.85601610668887,47.06159948757531,86.31891526715246,67.87360868524561,0,7,75,88.94249147913466,72.09316777674852,0,73.50469564706849,68.03923782510128,Yes,8.6,4.9,Placed,13.63
228,20,Male,7.75,CSE,Tier 2,0,3,0,77.55393633728694,73.5835683959813,73.36561211447201,33.23650786706368,2,3,717,68.74919468346408,93.37932403552611,1,55.09794743340784,53.456773188129524,Yes,7.6,2.6,Not Placed,0.0
229,24,Male,7.41,Mechanical,Tier 3,1,6,0,69.76462517949669,48.25213996682193,66.30112444070014,68.75950662582444,0,4,310,49.685892388469085,80.18265898153689,1,61.011671907912515,62.68129413764603,No,6.2,0.8,Not Placed,0.0
230,23,Female,7.85,CSE,Tier 2,0,2,4,58.94599179854064,67.06863891071305,51.25110075107037,84.15359525883268,2,5,702,68.29244872332418,84.74688815048785,0,52.758546365267144,44.006005594330524,Yes,6.5,2.5,Placed,12.37
231,20,Female,8.19,Civil,Tier 2,1,2,2,73.1870719211387,74.46752440391975,87.6123879080364,61.392532844036815,1,2,528,75.75506108323529,77.55718875599234,1,84.83997721514092,87.60076297243535,No,7.6,2.5,Placed,14.29
232,18,Male,7.28,EEE,Tier 1,0,4,4,50.46221260760322,52.899538372236805,73.18957431932165,28.502932010192204,2,10,623,75.54783513069036,77.29801835861389,1,47.454486035736124,43.94136261512713,Yes,6.1,3.0,Not Placed,0.0
233,23,Female,7.42,EEE,Tier 1,3,5,2,74.11287558705322,51.22471041897195,46.28715013526468,59.732046595176854,0,3,869,60.34429308161086,76.56165006846162,0,71.7688014934803,87.98730287232677,No,7.1,0.9,Placed,11.73
234,22,Female,6.44,Civil,Tier 1,1,6,2,79.20782325588311,56.52540052200739,69.66389961815081,62.63623408977298,1,1,136,47.72220144310789,76.72862383273012,1,95.16314474071478,69.97249210737459,Yes,5.2,2.7,Placed,10.33
235,18,Male,7.93,CSE,Tier 1,2,2,1,74.1180526918074,90.5928562976691,50.6699199529739,74.28029273322271,2,6,691,75.295799658876,62.30660354083559,1,75.76239928763886,46.036565830875034,Yes,8.9,2.6,Placed,14.47
236,20,Female,7.55,CSE,Tier 2,0,2,1,78.45864312124041,66.96298603895644,65.17022663852835,64.52752415902737,0,1,612,66.930578153348,82.10514587031037,2,64.06614136058019,57.81191026635762,No,6.9,4.8,Not Placed,0.0
237,19,Male,7.51,IT,Tier 2,1,2,3,67.45422185025048,60.99046044011888,68.97977246509755,79.81375638612657,1,5,505,62.177749712915414,89.08097033559037,0,54.27386933440224,59.94612373427481,Yes,8.2,5.7,Not Placed,0.0
238,21,Female,7.75,ECE,Tier 2,0,7,3,67.39436742380026,75.55857159764737,72.75008417895799,69.84186223501146,2,4,739,83.60279475238248,91.05315392100627,1,28.539376778486456,58.123655692276664,No,5.9,3.5,Not Placed,0.0
239,24,Female,7.07,ECE,Tier 2,3,2,3,54.9608205752595,41.59169477881389,67.72471967684068,75.18663184022242,0,2,852,63.58471830122188,100.0,0,39.46003835080913,42.491368808003855,No,7.0,0.5,Placed,11.79
240,20,Male,6.95,ECE,Tier 2,2,4,3,68.25070389267844,64.63881225798868,66.58914897526095,89.9599566464557,1,3,541,82.07898988653602,79.58995306255427,1,46.791944631066116,32.59508408647838,No,5.0,2.4,Not Placed,0.0
241,23,Male,7.55,Civil,Tier 3,0,5,0,62.11893013391855,55.880898534408615,77.96659034991126,83.56103829158987,1,4,291,65.57608472347948,85.98021538962203,0,58.00937495467963,55.496264779759464,No,6.2,3.8,Placed,13.29
242,18,Female,8.72,CSE,Tier 3,2,5,1,87.7335520364451,68.07867010008408,74.72722422655839,65.47245821996137,2,7,343,81.9444383818012,79.79714473063194,1,68.9095157040725,11.181627192520395,No,6.9,5.6,Placed,13.88
243,21,Male,8.28,CSE,Tier 2,0,1,1,70.77264840452065,63.49793970096963,60.93674299426502,57.85542583541982,0,0,403,74.00495273762746,85.81642999079543,0,50.76373788796358,71.33563936946013,Yes,7.4,2.5,Placed,13.49
244,18,Male,6.64,CSE,Tier 3,0,2,0,33.668181102083224,56.806632975283875,56.14563690867791,57.17828680513962,0,6,933,73.73201926862862,81.73407387501733,0,53.91749093739695,49.04361826212389,Yes,4.1,0.5,Placed,9.7
245,23,Male,8.66,IT,Tier 3,1,2,2,80.87660402866005,38.218369048485144,71.31943793372794,56.89490343139417,2,4,649,73.67347598267084,88.09617012815754,1,59.01813782105485,71.74076166404754,No,4.8,4.7,Not Placed,0.0
246,18,Male,8.07,IT,Tier 2,2,4,1,51.76934430984413,57.30619454563134,71.4039797163233,78.48825259010476,2,9,699,64.99854316622522,97.23367593828809,0,88.44744973694641,34.510513876786334,Yes,6.9,4.3,Placed,12.3
247,19,Male,7.76,Civil,Tier 3,0,2,2,66.24766838835409,73.16221763081492,66.22554902577113,74.93448588319863,2,4,236,79.66441105089758,82.39688113025882,1,63.095411926070405,76.39030134570505,No,7.5,4.0,Not Placed,0.0
248,21,Male,7.07,CSE,Tier 3,1,6,2,67.62771628183559,74.61648652395712,64.37102672219231,56.723985910478596,0,5,111,72.85178412696948,74.5456215646533,2,1.6847855142910078,65.35692764463967,No,5.8,2.8,Placed,13.44
249,21,Male,9.21,CSE,Tier 2,1,5,3,59.048266932493945,64.27409013858117,90.3121495295416,67.79835448891984,1,3,213,82.56189331862399,92.41671472211414,2,71.74855472971863,39.47829692707195,No,6.9,4.3,Not Placed,0.0
250,23,Male,7.55,EEE,Tier 2,3,5,2,79.01460497114022,66.28285848490836,84.29898088876804,52.08118080891406,1,4,262,82.00299279946901,95.43661357811189,0,76.21009943636028,53.23891838403495,No,7.1,4.5,Placed,14.14
251,24,Female,7.33,CSE,Tier 1,2,4,3,100.0,49.612882196154274,81.48505960410753,75.29839599350387,1,7,235,66.69491137761669,95.45548351325728,1,60.54501661010947,57.6912627079007,No,3.4,6.9,Not Placed,0.0
252,19,Male,6.68,Mechanical,Tier 2,0,2,2,56.86343529682508,74.34109600305256,56.72268099444372,43.88734219292897,2,3,103,53.9446468935474,94.38901232118047,1,80.7891962838711,72.52135126051115,No,9.2,3.1,Not Placed,0.0
253,20,Male,6.95,CSE,Tier 3,2,0,2,71.05728007998684,57.44388454750761,88.33166271996893,70.64497322303878,0,4,841,64.85071841819996,100.0,0,62.15643687235472,56.755056544447555,Yes,7.0,3.5,Placed,12.18
254,18,Male,7.94,CSE,Tier 3,1,0,3,68.91439720676412,46.155084213995465,52.07166610623418,78.16541909502405,2,5,820,53.35031611980394,95.84952967012983,0,50.720881704129084,79.9823374844297,Yes,5.4,3.2,Placed,12.2
255,22,Male,6.22,IT,Tier 2,2,3,3,67.10465060071084,79.93334698426698,73.31702217191662,79.55271344601671,1,7,779,63.680242272981076,88.27457816296949,0,60.05360014184965,77.87514405205167,No,5.6,2.7,Placed,11.42
256,18,Female,9.78,CSE,Tier 2,1,1,5,53.35335455666222,66.03563574546153,73.93244423652139,70.17369708210056,3,4,415,80.74011785420115,76.83981680742964,0,86.63197280810417,70.84051331303493,No,5.1,4.0,Placed,14.71
257,18,Male,8.08,ECE,Tier 2,1,4,2,68.87709612801682,50.01297850533434,88.67141506336165,62.38364904886019,1,5,54,71.16976802272613,83.07726414296373,0,29.90430396090804,46.595070175344375,No,4.5,3.4,Not Placed,0.0
258,20,Male,7.35,IT,Tier 1,2,2,2,68.46403017302195,54.368705411198995,59.66461851769163,39.617909789768696,0,6,281,77.73789245416361,82.2588318277006,0,43.540014686651034,47.26055881620078,Yes,6.9,3.6,Not Placed,0.0
259,18,Female,6.36,CSE,Tier 2,1,4,3,65.40337495897569,86.7710702072825,85.05479804937741,45.62272579694438,1,3,320,54.67261555222794,100.0,0,50.967986665012724,64.42507077962159,No,9.2,3.5,Placed,13.13
260,19,Female,7.29,CSE,Tier 2,1,1,1,40.526101747373716,66.23727150401949,73.49848155833,82.09492874745752,2,3,776,47.732800565056195,95.20577583392773,2,71.91301447060329,74.41937989774813,No,7.9,3.8,Placed,12.14
261,19,Male,6.56,ECE,Tier 1,3,1,1,91.35030728706411,65.92757774496532,53.37555174658531,64.0251565153004,0,2,381,74.57746808210405,89.50140851369078,0,56.4570348692687,46.04386277575062,Yes,6.5,0.5,Not Placed,0.0
262,21,Male,8.48,ECE,Tier 2,0,5,3,97.5992329529386,55.982881718328876,80.7101049819658,44.24925111440153,1,7,719,58.327713963658056,92.14523772907202,0,73.17273188432884,84.35804369301329,Yes,7.4,2.3,Not Placed,0.0
263,23,Male,6.14,Mechanical,Tier 2,3,3,6,39.10358212556656,58.141779577608325,61.62202551702448,100.0,0,6,472,80.92124968456463,87.79306887222181,1,53.16635313368178,32.78508535464635,Yes,8.0,2.8,Placed,13.2
264,24,Male,7.39,Civil,Tier 2,1,3,0,60.19294958310328,58.11846152614235,52.61472593902914,44.09737877702503,1,3,813,60.276225861012975,82.16452913774032,1,100.0,39.00076174572206,Yes,8.0,3.1,Not Placed,0.0
265,22,Female,8.9,IT,Tier 2,2,3,3,57.263127894739775,66.54199778411322,63.53030592636554,72.27960524589851,1,4,475,79.81714632561838,69.60823084613433,0,58.840192407052925,70.67124110099714,No,5.0,3.6,Not Placed,0.0
266,18,Female,8.14,Mechanical,Tier 2,4,3,0,54.53366474975775,68.43719151431763,65.92431928202257,63.699112879249526,1,3,391,70.10852050244098,81.95801259780845,0,49.189067419926765,50.95536462632873,Yes,7.8,1.0,Not Placed,0.0
267,18,Female,7.72,CSE,Tier 2,3,3,2,65.85110431803373,44.389796838841406,42.15035603081598,34.45376297548788,1,6,192,66.8012893063796,87.77825050240564,0,57.0616098311838,46.09358854222013,Yes,6.6,2.1,Placed,14.91
268,20,Female,7.39,CSE,Tier 3,1,5,0,63.378240825005896,55.120848083994865,72.62617127415467,69.24209753102758,0,3,984,59.95227023919468,100.0,0,83.31538113930179,43.300491422925944,No,7.7,4.8,Placed,11.72
269,23,Female,6.95,EEE,Tier 2,2,4,2,99.60633254869585,45.429284854692256,94.41807572474403,51.62635716393745,2,5,83,90.20323201152343,98.23495700667148,2,74.19746754011557,47.458175642950714,Yes,5.5,2.1,Placed,16.17
270,19,Female,6.82,CSE,Tier 3,1,6,1,62.78658019537032,60.271034181945424,66.73726990252234,56.37866186567986,2,10,154,78.49078296526835,65.77564285360488,0,44.026673811679174,49.762678153476074,No,7.3,3.8,Placed,12.31
271,22,Female,7.27,EEE,Tier 2,5,5,1,90.03939317044583,72.64653596004479,58.58717173445595,58.549473298408216,1,3,448,74.96056960382018,75.1953592776033,1,71.49578047280086,43.36879824435087,No,6.9,1.8,Placed,15.41
272,21,Female,7.61,CSE,Tier 3,2,3,1,89.70359223519918,88.4389418031433,70.33004756957058,46.36601188516924,1,3,342,80.4619190203124,78.42841130903751,0,77.6025965377391,47.528689234297566,Yes,6.6,5.1,Not Placed,0.0
273,19,Female,8.34,CSE,Tier 2,2,4,1,100.0,70.61044549126746,66.39527926623182,67.23795381680966,2,9,213,55.610718492361755,63.351512178474934,0,76.23472139723471,51.743077941471654,Yes,8.5,2.8,Not Placed,0.0
274,23,Male,7.91,CSE,Tier 2,2,2,2,86.09109443051541,55.8720217016685,74.22228554716185,76.5928285457334,0,4,303,67.92547352793085,85.66634189429524,0,52.18430958843883,78.03056138470149,No,6.7,2.2,Not Placed,0.0
275,24,Female,7.44,Mechanical,Tier 2,2,4,1,47.20589034608393,48.11835042258918,54.99347595599994,43.58396051213991,2,4,213,78.37741769151572,96.26735689101923,1,49.625375391489435,57.676006137130294,Yes,5.3,5.4,Placed,11.38
276,21,Male,8.86,CSE,Tier 3,2,4,4,80.45855231564185,59.43159482631692,63.41042464514349,66.12790311083124,0,5,400,86.7299495944641,84.08474654127022,2,49.280438491043796,23.251382554762273,Yes,8.5,4.1,Placed,15.12
277,24,Female,6.32,CSE,Tier 2,1,2,3,100.0,52.834444051197124,73.68950666122299,64.781004004118,0,2,183,72.5905298162695,64.44206417881398,2,26.84511390349546,40.97233775516509,No,6.1,2.6,Not Placed,0.0
278,20,Female,6.99,CSE,Tier 3,1,2,0,66.7942158987317,83.73586316665106,74.42688258311298,55.62919990486866,0,2,252,79.0152113171819,63.11028071585369,1,48.28072111831602,63.37712757271417,No,8.1,4.3,Placed,11.56
279,20,Male,6.91,Civil,Tier 1,2,3,5,81.30811547968821,69.14635338167363,79.43615258583085,78.14337920672597,1,1,711,73.90180271705496,77.61533454601046,1,27.922289996802753,71.48558719255115,Yes,7.7,3.5,Placed,13.85
280,18,Male,6.65,IT,Tier 3,1,3,1,67.0161935722776,56.70269422177268,60.204364047849424,57.38204810371586,1,3,358,76.5082959622399,87.48556335763963,1,74.12048383705543,33.96329283606009,Yes,6.4,3.5,Not Placed,0.0
281,24,Male,7.75,ECE,Tier 3,1,3,2,57.81400720852501,65.99669498583933,88.53917426167439,43.162839081329395,1,8,656,72.23676486290312,90.07457636460778,1,61.731027234894455,34.82035504121134,No,8.1,0.7,Not Placed,0.0
282,23,Male,6.33,Mechanical,Tier 1,1,4,1,60.569615428830666,57.772032459346036,58.2941034328624,68.32723059000392,0,1,388,71.71717656982443,86.84071343089636,0,57.25621725401913,40.53274266446939,Yes,7.7,0.6,Placed,11.93
283,22,Male,8.56,CSE,Tier 2,1,3,1,84.70670002032021,51.08298344860843,68.90283130363999,25.860314262526387,0,4,165,55.312560922917,76.03037172776945,0,82.79875181675547,17.82114313162912,Yes,10.0,2.3,Not Placed,0.0
284,21,Female,7.71,CSE,Tier 1,2,4,1,54.30764126532395,63.27202926228125,79.28938980084622,49.72758691512129,1,4,658,66.18370950136395,78.86561933763872,1,63.30426381866525,47.958787836307984,No,5.1,1.5,Placed,14.46
285,19,Male,6.73,CSE,Tier 3,0,1,0,100.0,73.39450704922075,29.126010419467292,53.98400510364284,1,3,452,74.24155092026955,69.00468455541352,0,46.33084542936391,47.91550527619062,No,7.3,2.3,Not Placed,0.0
286,23,Male,6.86,CSE,Tier 2,1,5,0,61.34913670184119,62.2220391276053,63.407750066987035,67.2825904064904,4,2,835,57.08078510658573,90.16723428926905,0,21.723407901352886,45.37270714321865,No,6.2,2.8,Not Placed,0.0
287,23,Male,8.53,Civil,Tier 2,1,3,2,67.21073061972312,52.330939441046006,67.15587737280599,57.03302485339931,3,2,97,50.38871632853534,73.94284035277188,0,54.443071729734996,30.21188606625627,No,6.3,5.1,Not Placed,0.0
288,20,Male,7.15,EEE,Tier 1,1,1,1,100.0,63.462770715975125,50.872003902024254,95.37142273003919,2,8,532,51.780881441187304,80.42811964475827,0,72.51592650972655,51.653933074499434,No,7.0,1.2,Not Placed,0.0
289,24,Male,7.42,Mechanical,Tier 2,2,2,2,56.948134847464395,51.23457584193687,37.171012208048346,57.32940303235749,1,4,922,63.99427504812511,70.8656585238038,0,77.16276668701842,69.93006983089163,Yes,8.6,3.2,Not Placed,0.0
290,18,Male,7.9,Civil,Tier 1,1,2,3,88.31627869936887,64.50665159655041,77.15007840064727,47.98432273272283,2,1,810,54.218937934202124,82.47143577180513,2,8.516993414394314,63.12081026819441,No,8.3,4.4,Placed,12.27
291,18,Female,5.57,EEE,Tier 2,2,2,2,67.61855741504286,86.88750607598891,93.03864616610007,48.417645568020305,4,3,215,60.23517499147073,79.72810219699022,0,37.425240659667544,78.57685435359797,No,7.1,2.5,Not Placed,0.0
292,21,Male,7.19,IT,Tier 3,1,2,2,71.6112800771854,63.7457554436073,69.04037602003419,59.89473543662402,0,4,909,62.927882876415765,92.5588303434228,0,61.223407533006785,61.910218176664145,Yes,5.5,3.5,Placed,12.99
293,20,Female,8.54,CSE,Tier 2,3,1,2,49.789739256987204,82.48366734692833,76.91253010983029,72.10982260741929,0,6,406,64.7940240993719,92.3708907050701,1,58.39121955281692,83.91547842332,No,9.0,4.1,Placed,14.18
294,23,Female,6.64,CSE,Tier 2,0,5,2,66.42688732862976,52.31406431238342,65.60492855789705,88.84405288694379,1,3,465,67.89691014195839,90.92262966093226,0,34.678223971228476,42.1004896089013,Yes,6.4,3.8,Not Placed,0.0
295,22,Male,7.37,CSE,Tier 3,2,8,4,59.99344822746872,89.44490197246662,83.45413699097338,66.35796343516323,0,2,586,65.91838744023022,100.0,0,67.69869146426548,22.66313120879979,No,8.6,3.3,Placed,12.64
296,20,Male,7.75,Civil,Tier 3,1,3,2,83.49349210076377,89.88930193927973,83.87603876052685,97.47781369898419,1,2,920,56.36729214921807,61.45408193015148,0,26.75747334334843,41.517588371027344,Yes,5.7,4.8,Not Placed,0.0
297,21,Male,8.36,IT,Tier 2,2,2,4,50.846469946122575,54.193023387536996,69.41211696152764,53.572456285645586,1,4,369,56.91672167137193,95.00617155445178,1,68.32614867372155,96.95651941075313,No,6.4,3.1,Not Placed,0.0
298,21,Female,6.6,Civil,Tier 1,1,4,2,75.46944731626186,75.82616592090152,56.63693938710355,33.136431478236155,1,5,904,66.98012611625396,84.1757729712038,0,57.907763821724416,63.32856411462704,Yes,7.4,3.7,Not Placed,0.0
299,20,Female,8.98,IT,Tier 3,0,1,2,91.40644795248939,67.06211296531684,46.53381393782581,92.91969953153668,4,2,131,67.60584222096361,51.90371335695152,0,76.62619852933366,80.91555972544612,No,5.3,0.5,Placed,13.16
300,21,Male,7.29,IT,Tier 3,1,0,3,68.82377146081106,41.71298715330872,59.715957280616834,40.27281168454421,1,8,819,70.04501087187396,86.65449293559585,1,50.99620746519905,66.10355991343636,No,7.4,3.6,Not Placed,0.0
301,20,Male,7.13,CSE,Tier 3,5,3,2,77.10428224320503,49.67110928148276,64.54618554242577,72.46984693413759,2,2,76,76.70038018848174,79.91628258815318,1,72.48090217849918,66.39073017732447,No,5.2,3.2,Placed,14.7
302,19,Male,7.3,CSE,Tier 3,1,0,1,71.2625062940663,54.15793403574604,48.515176755084305,32.316588994637904,1,5,285,100.0,88.76770795656493,1,29.841605443939564,47.11792693261372,No,6.8,4.4,Not Placed,0.0
303,20,Male,6.77,CSE,Tier 3,2,3,4,54.847221918745724,65.03487075874544,68.12461997776327,63.395848051634246,0,5,377,100.0,76.49114696035976,1,80.33207467631249,55.02733911942004,Yes,5.6,4.2,Placed,12.51
304,24,Female,6.82,Civil,Tier 2,2,1,1,66.58041679184709,60.289564262819155,44.60734957253413,68.70551091357791,0,6,843,69.17922094324115,72.27150522585264,1,77.85896153884141,35.35109290797229,No,5.2,4.0,Placed,12.89
305,20,Female,8.33,CSE,Tier 2,3,2,2,91.90068798327573,67.01644176651963,71.65583122263492,58.51605732521539,2,2,417,63.19373040053869,91.12514169673332,0,90.80152864370353,54.629831167903404,Yes,7.0,3.9,Placed,13.97
306,21,Female,7.31,Civil,Tier 3,3,2,0,60.70097876502439,35.41121559313031,72.71339260743328,78.55687142674095,0,2,354,69.48282498266965,100.0,0,34.462940892818125,90.21691126267024,No,6.4,3.1,Placed,14.17
307,24,Male,6.75,Civil,Tier 3,0,3,4,68.09178613577104,78.8891611703459,34.54381643574266,59.38855705986911,0,7,222,72.02942843745706,89.93323742263006,0,71.62670559263718,70.78295022729274,Yes,7.4,3.8,Placed,10.84
308,21,Female,7.32,ECE,Tier 3,1,5,3,54.50472710083412,63.00600121306868,65.33937110939075,71.29005656261681,1,3,189,75.46384511014018,80.7239402233236,0,37.45005322803343,56.58179449888695,No,8.6,2.8,Placed,11.02
309,18,Male,7.55,ECE,Tier 3,1,5,1,75.97049539157727,78.55112662566802,87.67990672726644,58.03990768041557,0,5,128,71.17763704779594,88.20794257317584,2,74.54730439287832,26.650282972754514,Yes,6.5,1.4,Placed,15.76
310,18,Male,6.91,CSE,Tier 1,3,2,2,67.09683356599929,72.66528660374304,58.69520094814369,67.33854252618225,0,3,778,65.44178694129047,81.28897683096193,0,96.13412496435109,74.40078060625466,No,5.1,3.4,Placed,14.73
311,24,Male,9.4,IT,Tier 2,1,1,3,74.92279583301553,43.492956154502025,75.78634883191032,85.90699588361942,1,1,781,63.8741334135589,58.16523381372511,1,75.77007591603044,41.072971430998514,No,6.9,4.4,Not Placed,0.0
312,19,Female,7.4,CSE,Tier 2,2,7,2,55.730428218436046,82.72781380384208,56.085233764042414,87.32324853175693,1,5,717,48.231448681978044,89.14772341107701,1,37.913714837681454,83.62542597646281,Yes,5.4,5.4,Not Placed,0.0
313,18,Female,8.75,IT,Tier 2,0,1,0,89.66555370218657,96.57391511176802,59.59897699290399,65.88574587986695,3,4,992,52.43011570863613,88.70751773138514,0,74.65304881729453,69.48870697640166,Yes,4.9,4.5,Placed,15.03
314,20,Male,7.85,IT,Tier 2,2,4,4,62.53180226233909,54.99321745538878,31.30632789560582,85.41633544992001,2,1,859,71.28707175042798,90.9261801129932,0,56.06156476091878,52.65832779119742,Yes,5.1,5.4,Placed,12.7
315,21,Female,8.14,Mechanical,Tier 3,3,4,1,71.89250395686817,62.27908143528182,86.38897214891352,70.19258766057168,0,2,178,75.1024111981759,80.95426619458492,0,48.451676500385226,59.69230373679022,No,8.8,1.8,Placed,14.27
316,18,Female,6.88,CSE,Tier 1,0,4,3,64.94084010022736,57.17025002189817,68.17728990709556,78.31060354376838,1,3,789,74.37252804728885,82.4721201231853,1,54.837208153959345,72.95395196623997,Yes,6.3,3.2,Not Placed,0.0
317,18,Male,7.46,IT,Tier 2,1,2,1,66.73407890265412,69.64939123044933,82.14609819525663,71.17422039636021,1,3,278,58.729481152247516,84.58740111775033,0,67.64764291981317,35.660654114668006,No,5.0,4.3,Not Placed,0.0
318,19,Female,7.58,CSE,Tier 2,4,5,0,55.922463528484606,28.213429640785677,66.18475245721233,59.005650956954035,0,1,869,74.80488311671687,100.0,0,23.89229233662971,93.26730728302033,No,4.9,3.1,Placed,12.86
319,24,Female,6.95,CSE,Tier 2,1,1,1,84.23192878270062,43.2659179877692,64.52668674440005,69.34503283923254,1,6,957,76.55500847831819,86.86852206639679,0,22.810607365907515,47.16043093267933,Yes,8.0,2.8,Not Placed,0.0
320,24,Female,7.61,CSE,Tier 2,1,3,2,42.68794175402296,41.54217315512865,88.50488591593881,52.96689877415138,0,0,407,52.86365221692017,78.07472711979419,0,20.826466750082957,30.875300364889053,No,3.3,2.8,Placed,10.23
321,23,Male,7.81,EEE,Tier 2,3,3,1,84.59642624362432,83.23530172466403,20.0,90.88182490611602,0,6,954,63.974322448684084,81.87354550106265,0,51.72252790566913,70.43940268592898,No,7.4,4.1,Placed,13.48
322,19,Male,8.09,ECE,Tier 2,1,2,0,57.74867011657089,37.45987184503565,56.10140796210156,76.5941612380667,1,3,428,50.670263840738585,87.32441805841945,0,67.77527334210873,59.689234019604974,No,5.5,4.9,Not Placed,0.0
323,20,Male,6.88,ECE,Tier 3,1,4,1,83.69088926192863,66.5049064717617,75.9955870662276,64.0739384164737,1,3,498,79.43030691260981,78.19829721489458,0,77.18892816801636,68.38139842704939,Yes,9.7,1.8,Placed,13.73
324,24,Male,7.52,CSE,Tier 3,2,4,2,80.75728973237543,96.29753304571486,76.5151138840816,51.91622595557005,1,6,517,76.82689021874934,86.36818562056524,0,57.91809418476728,97.99117570994582,No,6.4,5.4,Placed,13.9
325,21,Female,8.86,EEE,Tier 1,0,2,3,69.97269879722471,62.37172330623057,79.87578325535114,68.01737578768376,0,8,674,52.00352507604075,76.50988057704873,0,73.99798081803121,46.70050648980973,No,6.0,2.5,Placed,15.14
326,19,Female,7.81,IT,Tier 3,1,3,3,79.47262827082042,36.25714701879983,41.15909703545481,80.35904871832102,1,4,469,60.52680437264545,77.75973643493106,0,65.73855791469302,41.03808675511004,No,8.0,4.9,Placed,12.74
327,18,Male,7.83,IT,Tier 1,3,3,3,61.1344314953552,80.00850831691872,82.64430326375066,50.90730824412646,1,3,869,46.80862284242723,65.56845578457319,3,99.8879203519952,44.337366974420476,No,8.1,4.1,Not Placed,0.0
328,21,Male,8.89,Civil,Tier 1,0,4,1,51.68556662340767,48.3227378162058,91.15858017516726,71.23380788937429,3,4,742,70.05107433021581,83.95345064226996,0,44.962115242906705,36.49815697463381,Yes,5.5,2.8,Not Placed,0.0
329,21,Male,7.35,ECE,Tier 1,2,3,2,58.95073846708587,70.94426099177461,85.56857708555958,78.76188701856597,1,5,239,77.79582571242,68.59569256929156,0,75.28579426803428,83.58355910671112,Yes,4.5,3.5,Placed,11.7
330,18,Male,7.65,Mechanical,Tier 3,3,3,4,60.647958676150694,62.49875226883829,72.08346117626223,54.460058115378914,0,7,148,70.23906614336383,74.3923956042744,0,12.491386280441539,51.158834718005615,No,6.8,2.3,Placed,12.17
331,19,Male,7.25,ECE,Tier 2,3,4,1,74.0376343070988,79.68304155446691,52.78301733972866,78.60310871743474,0,6,582,72.76466285359258,100.0,1,50.924560482890826,64.32561254726832,Yes,6.5,4.5,Placed,13.8
332,18,Male,6.57,ECE,Tier 2,1,0,5,77.73600287255626,41.96968539185275,63.18549560240354,47.43019614848136,1,4,811,73.53932026506364,84.54880095597447,0,61.26845010898297,43.976092812712665,Yes,8.0,2.2,Not Placed,0.0
333,23,Male,8.09,Civil,Tier 3,1,5,1,55.945144289500256,61.56421665271369,59.28503951887726,54.038475276400064,0,7,324,51.08579622018961,94.54049507711497,1,7.459439380963637,47.17515916511051,No,7.5,4.6,Not Placed,0.0
334,21,Female,7.43,Civil,Tier 3,0,3,4,100.0,55.96106116096501,44.092706410775946,90.38925139120985,0,5,335,73.16556893610847,66.97366964181326,0,57.304273365659775,84.4977778570678,No,3.6,6.2,Placed,13.16
335,22,Male,6.4,IT,Tier 2,5,3,1,81.08043919706574,76.08779289139663,52.117545188183406,65.99261588893124,2,3,227,77.97454516140122,100.0,0,65.88078616215836,60.3800087588677,No,8.3,1.6,Placed,14.93
336,22,Male,8.15,ECE,Tier 2,1,4,1,82.92667466581882,66.39551183374347,72.97465283138777,43.98351498780198,0,5,663,75.73241085286006,85.48810114585747,1,75.99713658986573,60.089016397748914,No,4.9,4.7,Placed,12.97
337,20,Male,6.62,Mechanical,Tier 2,1,5,5,74.22278998571745,91.31891079235436,53.08119351152125,85.8211426106727,1,2,402,58.87418044744066,78.19184661155307,1,50.18460847946838,70.91194137378865,Yes,7.4,4.6,Not Placed,0.0
338,24,Male,8.4,ECE,Tier 2,3,1,1,93.85423260543689,88.83761083925805,82.3871041310631,56.980813093289356,0,4,820,56.73148077782689,78.54773045736489,0,99.11104965938051,28.505118732276465,Yes,7.3,1.7,Placed,14.84
339,18,Female,7.86,IT,Tier 3,2,4,1,42.04692178026055,71.45594498579632,37.78485280967275,71.91026464296448,2,2,337,66.77233912887236,79.55455346066694,0,90.70407108542074,44.482285179927516,Yes,4.7,3.7,Placed,12.56
340,18,Male,7.88,ECE,Tier 3,0,3,2,100.0,49.60161967905133,79.72945491225445,49.97176206570738,2,4,188,83.11205489268589,88.83307911396808,1,77.69111672449623,39.42969035782784,Yes,6.7,0.8,Not Placed,0.0
341,20,Female,7.21,IT,Tier 3,2,4,0,59.48871447581271,77.10045770651563,75.0825587051996,58.86618769420971,2,5,943,65.17451621858136,96.03768551985264,1,66.56353389617598,60.876774961337226,Yes,8.9,2.6,Placed,13.89
342,20,Male,8.07,Mechanical,Tier 3,1,0,0,98.27978687676989,81.13127384261952,87.88460179259243,63.36043838394841,0,2,876,56.65633628454769,73.39188055326886,0,93.29514784871154,67.73616028012015,No,6.2,5.2,Not Placed,0.0
343,20,Male,6.92,IT,Tier 2,3,2,4,38.17318833043477,84.66782130106206,84.85823959245944,61.58268233119144,0,9,857,60.18850484204684,100.0,0,51.720753686461876,35.24648143218456,Yes,5.7,1.6,Placed,13.97
344,21,Male,7.27,IT,Tier 2,0,6,2,64.50108417327804,60.11332454753492,44.85512623357404,86.0334160354285,1,4,619,81.60967032580962,86.17169441858475,0,71.37317827878468,59.849628343479964,No,7.6,1.3,Not Placed,0.0
345,23,Male,7.24,ECE,Tier 2,1,4,1,75.68210105059272,100.0,49.44530474247346,74.37341493653157,0,5,734,66.72679318770885,60.49865346042607,0,36.3998480805598,56.34125616081523,No,4.3,4.2,Placed,12.96
346,18,Male,8.5,IT,Tier 2,2,1,1,81.44102491692564,61.318633574575266,89.02988452703956,57.575638945869954,1,0,898,86.83212173791628,81.009423614377,0,49.539901788290415,80.7825338645967,No,4.8,1.3,Placed,14.04
347,21,Male,6.16,EEE,Tier 3,2,1,0,94.82975289151064,54.45356698010669,59.251715655419126,70.56926636556173,0,2,854,39.369664137217036,79.53159172611308,0,42.78902861350623,37.51445931848008,No,9.2,4.3,Placed,14.83
348,20,Male,8.32,CSE,Tier 2,3,1,0,75.64182645372351,58.6357885440468,76.84056469073158,60.998261062622625,1,6,176,49.1660865494901,80.69742092276752,2,63.94277784422983,98.47082293506774,No,4.5,4.6,Placed,13.63
349,18,Male,6.97,CSE,Tier 1,0,2,4,47.872721721509905,48.198051087604334,64.41677096304669,39.49931465530864,2,5,564,68.71677666484914,76.30289817690057,1,25.81476425504053,46.88476913269445,No,6.1,5.0,Placed,11.0
350,21,Male,6.73,EEE,Tier 3,3,2,0,79.13811487468692,67.41641166067497,72.13086920412688,95.39417586035381,0,4,412,81.13077127751875,87.77164369363074,0,72.9948842166478,27.70519119304953,Yes,6.9,3.3,Placed,13.18
351,23,Male,7.55,EEE,Tier 2,1,4,0,68.88203580761018,81.99548630221088,60.88558518130262,57.726585139020195,2,7,232,30.679724231365924,69.41626244329821,1,54.90060918061405,22.70706633162527,Yes,5.6,2.2,Not Placed,0.0
352,21,Female,8.29,ECE,Tier 2,2,4,0,66.03330747974475,53.23752467415408,55.433471039410804,82.31716605618098,1,1,713,73.62728693864675,79.26985161173972,0,85.86639609462583,50.208958200595546,Yes,8.3,2.7,Placed,12.97
353,23,Male,7.37,ECE,Tier 3,2,3,2,66.87781451814514,78.58040314261552,75.29753757004178,56.11399145555751,1,3,94,100.0,87.67514106657492,1,86.56102226403203,47.436865418634994,Yes,6.0,2.5,Not Placed,0.0
354,20,Female,5.4,CSE,Tier 2,1,1,1,85.10310234508668,79.02215003255618,60.740148430649086,86.88251152041492,3,2,262,66.70227992837438,100.0,1,35.20193654516384,68.62292074387054,Yes,6.4,5.7,Placed,11.79
355,23,Male,7.54,CSE,Tier 2,0,4,1,69.95789492209629,58.93756144544468,65.37099260503489,81.44046624346686,3,4,585,70.97208217459261,83.60697359005486,0,55.75645081536021,49.49078490278714,No,4.8,2.4,Placed,12.15
356,18,Female,6.51,CSE,Tier 1,1,2,3,78.20967218265216,59.24031661454432,76.72510393344243,87.0394610501539,0,4,454,90.91771453844099,76.35418983659423,0,55.81463108058903,65.86535694495711,Yes,5.1,2.2,Placed,11.64
357,20,Male,7.04,EEE,Tier 2,3,1,2,59.45003382990021,85.98645916250149,83.21229000183317,56.57200692698297,1,5,822,82.49145356339189,89.73129060424647,0,100.0,38.75913132462745,No,5.9,3.2,Not Placed,0.0
358,18,Female,5.81,Mechanical,Tier 2,2,3,1,51.583992910612096,58.718695256877716,81.49730662739562,70.55841162020928,1,3,706,61.419180034437325,91.87486875150236,0,68.70301671810432,43.715922874002075,No,4.2,3.5,Not Placed,0.0
359,22,Male,7.4,Civil,Tier 1,0,2,3,93.60385536305085,61.49863288938372,82.36918279329855,62.55981716261443,2,5,310,91.61812923441198,94.43000095371127,0,64.2395770414416,91.8134657798038,No,6.3,6.2,Placed,12.89
360,19,Male,7.96,Civil,Tier 2,0,3,1,84.07214463869603,53.2139966860036,62.237875520614814,84.07098932894499,4,4,462,60.82068568175777,63.08749854344693,1,78.54899968391493,42.877244475607135,No,7.5,5.9,Not Placed,0.0
361,23,Male,8.33,Civil,Tier 2,1,3,2,81.28199601203457,70.09436722696657,46.671986504991,47.69163234273195,1,6,449,74.86274246091611,77.31092498928507,2,60.1161545483188,84.15385027858713,No,7.3,2.4,Not Placed,0.0
362,19,Female,6.3,CSE,Tier 3,4,3,1,54.81142768337631,82.91313205613272,74.42130693363659,98.60581657298404,1,6,262,100.0,78.17806044971985,0,77.9507383200435,57.21768542032911,Yes,7.9,2.8,Placed,11.78
363,19,Male,8.23,CSE,Tier 2,2,2,1,68.77447623626482,74.44672999327364,66.50701396305394,20.0,1,2,299,76.28825756556691,89.85471405363108,0,83.10598157315205,26.406670784562273,No,8.3,1.5,Placed,13.21
364,23,Male,8.1,CSE,Tier 3,2,3,3,93.32132544219645,57.622287492714726,98.13885490589024,84.94171392647306,1,3,430,61.013178775015334,80.35261513736464,0,43.60532876554385,70.4066816948895,No,6.3,2.8,Placed,16.38
365,20,Male,7.97,CSE,Tier 1,2,3,2,84.00234757340644,61.91016961794505,68.75874531486872,71.6205540060403,0,6,508,72.33707755850926,80.0835481951652,0,95.28376215723134,72.33193577645594,No,9.5,3.8,Placed,14.06
366,22,Male,8.39,CSE,Tier 2,2,2,1,55.1591322871097,63.369261599750544,76.43438692093025,72.81608032407054,0,2,124,84.01158463098483,69.51550255293571,0,55.51206613022428,58.83935068658916,No,5.9,3.8,Not Placed,0.0
367,18,Female,7.09,EEE,Tier 3,4,3,4,93.46217170518524,49.06243902250162,72.03017054653895,74.60698801689101,1,3,356,89.79374501747562,100.0,1,100.0,44.49010211999808,Yes,7.7,3.9,Placed,16.14
368,21,Female,6.75,Mechanical,Tier 2,0,4,1,54.89493557379498,60.60536055511403,64.51426628818356,94.17764057269603,0,7,699,89.99104927202279,86.49439442233361,0,62.64996587869548,62.41417314276663,Yes,6.0,0.8,Placed,11.81
369,18,Female,9.06,CSE,Tier 3,0,1,3,41.52769394218984,43.388496445455246,77.5490613212277,59.720866112253766,1,7,938,60.797385283465005,97.87340954264147,0,39.59002303811597,63.387261234176,Yes,5.6,1.8,Not Placed,0.0
370,21,Female,8.4,CSE,Tier 1,0,6,1,73.38962158983146,68.73268846352236,52.575636392562906,85.77711424779548,0,7,565,85.2246412574571,65.84784439076176,0,41.88564505918268,41.296910082387456,No,4.8,4.7,Placed,13.38
371,18,Female,9.19,CSE,Tier 3,2,7,3,92.1965924424585,79.49840569956628,69.642308957496,59.35193127224232,2,5,702,56.5634584003012,100.0,1,87.3236179964801,79.79128680939351,No,7.6,4.3,Placed,15.63
372,23,Female,9.4,CSE,Tier 2,1,3,3,76.86153437281224,65.07075791994544,78.79389318370943,48.36408276724221,0,4,416,51.390190043679766,86.97522528066152,0,56.80138247745401,41.06863901049049,Yes,7.4,2.6,Not Placed,0.0
373,22,Male,6.13,Mechanical,Tier 3,1,2,1,54.625673414490166,79.29903633278929,67.7143434079519,100.0,1,1,630,53.6898753417813,83.2843238157553,0,35.54252823928511,70.7473317100748,Yes,5.3,2.7,Placed,11.09
374,21,Male,6.53,ECE,Tier 2,1,4,3,84.16286184684108,100.0,78.95430105924092,63.42291331258507,1,4,838,82.0351272204351,100.0,0,47.38410930746149,74.26578014974106,No,5.0,3.8,Placed,10.49
375,24,Female,6.8,ECE,Tier 3,2,2,0,60.42783384222797,70.2353365141121,79.30231077591849,53.702236623732375,0,5,975,65.67467946002974,83.60522407589283,1,34.98932652167813,57.19712831043806,No,7.2,3.2,Placed,12.17
376,20,Male,8.64,Mechanical,Tier 2,1,3,2,66.65821063942062,68.59039954163869,66.73708568542989,53.88450790774716,3,3,967,59.18030804850626,81.66133636941156,0,88.90452623201713,63.32207484406854,No,7.6,2.5,Placed,13.42
377,18,Female,8.46,IT,Tier 2,1,6,1,63.406543623095274,67.53887286431771,62.57089164866219,55.13722203419649,1,1,405,56.06107015110369,79.30152242567485,1,73.16031768748968,56.73995373568912,Yes,5.0,5.0,Placed,15.18
378,18,Female,6.06,CSE,Tier 2,0,1,3,38.34369370666167,74.34490623940763,51.28810904863873,70.25439788177576,2,1,806,56.69258780889464,88.97303837143745,2,55.977660531529146,84.6322693369981,No,6.5,4.0,Placed,10.68
379,21,Female,9.01,CSE,Tier 3,2,3,2,37.74938513333616,40.677087377653855,55.20261963784432,72.4588761027796,3,2,650,70.650984466208,98.77704146453699,2,57.74878586436319,66.18927808872539,No,6.0,2.4,Not Placed,0.0
380,20,Male,7.06,ECE,Tier 1,5,3,1,75.63288928850791,39.63960189409895,52.125211852397626,89.90719230327474,1,4,562,77.70056474883259,83.19955754901274,0,57.19337477920688,71.27894306576611,Yes,5.2,4.7,Not Placed,0.0
381,20,Male,7.72,CSE,Tier 3,2,3,3,47.68917951599717,71.35168995632628,68.85317704978851,99.90969205102778,1,3,486,86.07710138034157,82.13678265858343,1,93.74803427541576,100.0,No,6.0,2.8,Placed,12.13
382,23,Female,6.94,Civil,Tier 3,1,2,2,40.21512104583892,66.88701040706883,61.62526132634915,75.19681796267145,2,5,729,56.90434285180362,87.98435932557659,1,89.02493006758266,55.57371029014748,No,6.9,3.7,Not Placed,0.0
383,24,Male,6.77,ECE,Tier 1,1,3,3,68.73173333576058,78.88831324028175,62.36014169966787,62.73898175272718,0,5,387,69.36031247027914,74.74821390995076,0,58.016973179482285,74.92023676721087,No,8.6,4.5,Not Placed,0.0
384,23,Female,7.79,CSE,Tier 3,1,1,2,82.29082331086126,41.503885191999984,71.37298610150359,48.23117704406578,1,4,710,96.08052102378332,90.9401328965846,0,74.87666653577182,61.08718473629708,Yes,7.8,2.3,Placed,14.05
385,23,Female,7.19,ECE,Tier 3,2,2,2,49.7033717242697,54.11613055068271,71.69908704924917,61.74153340037956,0,5,447,68.95492505380491,89.34965292974134,0,75.51543296980095,72.91639112318373,No,3.4,3.2,Not Placed,0.0
386,23,Female,6.5,CSE,Tier 1,0,3,0,74.64665756900075,80.12154660016127,47.465004758771016,78.17251357095243,1,2,438,73.6747615583177,96.39646538069664,0,72.72586525315846,86.78603985197071,No,5.6,5.5,Placed,10.59
387,23,Male,7.4,Mechanical,Tier 3,1,6,2,63.12799368469736,77.16058968058749,56.88413763164006,87.9952519268626,3,4,547,75.66606633375183,79.46654347826271,3,79.48653530632855,47.24646008565384,No,8.1,6.0,Placed,11.57
388,23,Male,6.09,ECE,Tier 3,0,3,2,63.95432996673392,72.12824261054278,56.85621609026752,49.19114639695382,0,2,50,83.7794147184741,90.72782608128621,0,59.1186953652579,88.41667395297146,Yes,7.1,2.8,Not Placed,0.0
389,22,Female,7.22,IT,Tier 3,1,1,3,41.62905442215267,80.42101602179102,72.53481159243343,67.00974395383531,2,6,925,62.4357675158355,87.78280341087432,0,64.96620909877174,32.161308010302626,Yes,3.1,3.9,Not Placed,0.0
390,20,Male,5.96,IT,Tier 2,1,4,0,80.00960591744145,62.1710673492676,52.86510843051154,86.9467851192788,1,4,511,75.7939126875964,80.35544506425379,0,50.90327773326911,99.02345393410974,Yes,8.5,2.9,Not Placed,0.0
391,23,Female,7.71,CSE,Tier 2,0,3,1,66.02283937279869,55.69427645516739,68.37204190823991,44.41860637845307,1,6,232,76.08901509168705,95.66988356665861,0,97.56212350210049,82.96846942450702,No,10.0,6.3,Placed,10.4
392,20,Male,6.83,EEE,Tier 2,4,6,5,63.835680002137806,75.88131644739678,71.27187468263989,72.99166195732808,3,4,673,65.79300569812914,86.55287858670441,0,62.40675408964593,66.00372182540485,Yes,6.0,4.5,Placed,12.42
393,20,Male,6.48,CSE,Tier 3,1,3,1,40.18042928784264,82.13547055147957,81.54704060078613,52.95461914769898,1,3,411,73.48625384585661,91.32348162056769,0,42.87715944026222,65.68478658185164,Yes,8.1,3.5,Placed,11.57
394,19,Female,6.65,CSE,Tier 3,3,3,1,67.52482651839799,50.06019405029898,84.90102342894662,92.39976065504206,0,2,695,72.78161513490004,100.0,1,44.08770957003153,48.97371992653881,Yes,7.0,3.0,Placed,11.73
395,22,Male,6.44,ECE,Tier 2,1,1,6,69.03747328995793,76.81214224188693,57.844325910029006,89.86347895633656,1,4,477,69.47069966810878,80.8248651180048,1,50.8937359797211,58.18750031083644,Yes,7.7,2.1,Not Placed,0.0
396,23,Male,7.66,EEE,Tier 2,2,2,3,76.45951208511904,45.94436306574046,81.55449626629556,83.66638174851437,0,5,609,69.13731897330119,76.07508721535213,0,54.47728262604857,32.45378975115845,No,5.3,5.1,Placed,13.74
397,18,Male,9.03,CSE,Tier 2,1,4,1,70.0672978744382,51.46543739625931,92.33544775619784,80.41296081961325,2,1,555,54.20748085510853,86.9388128131597,1,65.31981050780499,83.46396895422353,Yes,6.4,3.4,Not Placed,0.0
398,21,Male,9.05,CSE,Tier 2,1,2,0,55.38748213668593,53.61492407363444,68.89763974654747,85.72390118689745,0,7,387,78.04773003783531,93.21901502260496,1,83.20637602431125,46.74263988827822,Yes,8.6,2.3,Placed,15.44
399,24,Male,7.99,EEE,Tier 1,2,3,3,70.06509781390417,65.79447834210815,83.03853920494967,70.85410655047399,2,3,822,75.17117703008881,87.86455480646737,1,38.92732075495182,54.98008373614223,No,6.7,3.6,Not Placed,0.0
400,18,Female,8.7,CSE,Tier 2,2,4,3,45.257796134267856,72.52708980102229,70.58279945647183,48.96990541612891,2,3,817,70.29959977352097,76.12274105315628,0,59.568767537183156,79.40957682915752,Yes,7.0,1.3,Placed,13.66
401,22,Female,6.05,CSE,Tier 2,0,1,2,68.30099389564423,74.75337130380116,71.51350707346396,64.8757259970482,0,8,269,64.27425098600396,73.61263567861414,0,22.13196520324913,48.34041877043221,No,9.1,2.6,Not Placed,0.0
402,21,Male,6.71,EEE,Tier 2,4,2,2,32.001526082635934,79.15270712214237,79.36112313268693,97.74909067750139,2,5,196,75.95435400253356,82.33209453173393,0,60.725274192240946,53.799271763966665,No,7.7,3.1,Placed,13.5
403,22,Female,6.55,Civil,Tier 3,0,4,3,45.79842800893286,47.475629748573525,68.92825526984264,73.65682451660267,0,2,66,65.06760396330975,100.0,1,73.28308333725494,46.60033786548813,Yes,7.3,1.4,Placed,10.39
404,20,Male,5.53,ECE,Tier 2,0,4,2,68.91701174581713,65.21014303390992,63.98510043003489,67.40226420650401,0,6,376,60.095744239911035,86.10171090620496,0,76.96700662848818,44.775004435589366,No,7.2,2.2,Not Placed,0.0
405,21,Male,8.18,CSE,Tier 2,1,4,2,73.55997006527951,63.20935961408718,54.30620991424434,64.5135868210724,2,3,69,61.275127314951746,79.89674680048051,2,92.63001364258679,56.208330284906,Yes,8.3,4.9,Not Placed,0.0
406,20,Female,10.0,CSE,Tier 3,1,2,4,100.0,54.35549203476408,74.52800102493188,72.29264556706764,2,6,677,58.792140505971936,68.63245408155286,0,61.138574932147094,64.22027109484128,Yes,5.2,5.9,Placed,16.14
407,18,Female,7.06,EEE,Tier 2,0,1,0,85.40579330413897,93.78399836460903,51.43901332430909,93.27835001042496,2,0,942,75.2877866101651,86.35325468595094,0,84.52353423347856,69.24224401132582,Yes,8.6,2.3,Not Placed,0.0
408,18,Female,7.69,IT,Tier 3,1,2,2,74.85086605150919,78.5813512311246,84.97594154502934,47.784163336260754,1,2,374,81.12524518458447,73.6235617821728,1,9.718509270411289,51.169064263696555,No,7.1,4.6,Placed,13.6